ec2_count,ec2_total_memory,ec2_total_vcpu,rds_count,rds_total_memory,rds_total_storage,rds_multi_az,ebs_volume_count,ebs_total_gb,s3_bucket_count,s3_total_gb,has_nat_gateway,has_load_balancer,has_vpc,subnet_count,lambda_count,dynamodb_count,total_resources,monthly_cost
4,25.5,10,1,16.0,146,0,15,9040,2,8385,1,0,1,3,4,3,34,3321.23
8,163.0,44,4,53.0,1103,0,1,646,6,39183,0,0,0,0,1,2,22,2873.65
9,192.0,42,1,32.0,185,1,0,0,0,0,1,1,1,3,3,1,20,2174.54
0,0.0,0,3,18.0,1133,0,11,3799,3,6580,1,1,0,0,4,1,24,1556.3
7,164.5,46,3,41.0,651,1,20,12185,9,57763,1,0,1,6,1,0,48,5986.82
6,47.0,14,1,32.0,391,1,14,6782,2,10229,1,1,1,1,1,2,30,3053.28
0,0.0,0,2,9.0,557,0,13,5377,9,47649,1,0,1,0,0,3,29,2618.95
6,109.5,32,3,136.0,1113,1,10,6031,4,21186,1,1,0,0,1,3,29,5256.11
8,228.0,48,2,5.0,590,1,15,8114,3,15365,0,0,0,0,0,0,28,4505.57
6,193.0,46,4,176.0,1088,0,15,6550,5,27496,0,0,0,0,4,2,36,5648.58
0,0.0,0,4,70.0,1596,1,9,4907,8,37894,0,1,1,3,3,3,32,3436.44
0,0.0,0,1,4.0,254,0,8,3974,0,0,0,1,1,5,2,0,18,709.93
5,104.5,22,5,114.0,1106,0,12,5533,8,40823,1,1,0,0,0,2,34,4601.86
1,8.0,2,3,49.0,1031,1,17,9121,6,27225,0,1,0,0,0,0,28,3949.5
3,22.0,12,2,4.0,484,1,0,0,8,36443,1,0,1,5,5,0,25,1268.19
4,112.5,22,4,82.0,1149,0,11,4032,0,0,0,1,1,1,4,0,26,2912.38
5,160.0,36,1,32.0,71,1,10,6107,2,6077,1,1,1,2,3,1,27,3696.03
9,212.5,44,2,24.0,511,1,13,7160,4,24405,1,1,0,0,5,1,36,3598.17
10,169.5,46,5,176.0,1226,1,2,1229,7,25322,0,1,0,0,1,2,28,5674.28
4,44.0,12,2,96.0,336,1,18,7133,3,20166,0,0,1,5,5,0,38,4397.86
10,122.5,40,4,88.0,562,0,17,7443,3,14414,0,0,1,5,5,2,47,4416.65
1,16.0,8,0,0.0,0,0,15,8393,8,49919,0,1,0,0,3,0,28,2659.24
3,41.0,12,5,74.0,1412,1,0,0,2,4101,0,1,1,1,4,1,18,2836.22
5,80.0,16,2,10.0,191,0,17,8681,8,35003,1,0,0,0,2,3,38,3664.62
0,0.0,0,4,92.0,674,1,13,7302,8,51584,1,1,0,0,5,2,34,5045.34
10,189.0,44,1,32.0,498,1,17,7269,9,57287,0,1,0,0,2,2,42,4603.3
0,0.0,0,2,20.0,577,0,17,8739,0,0,1,0,1,3,4,0,28,3477.07
2,5.0,4,2,72.0,441,0,12,6222,9,63136,0,1,0,0,2,1,29,4235.16
10,129.0,46,5,29.0,1440,1,15,6614,6,26553,0,0,0,0,3,1,40,4901.35
0,0.0,0,5,163.0,1676,0,20,9474,9,37704,1,0,1,1,5,2,44,4912.3
10,285.5,52,5,88.0,2090,0,15,7502,6,35814,1,0,0,0,2,2,41,6275.59
6,121.0,26,4,56.0,1451,1,2,564,6,19903,1,1,1,0,3,3,27,3319.04
6,193.0,38,3,42.0,1187,0,3,1122,8,41331,0,0,1,1,0,0,22,3223.71
9,102.0,24,0,0.0,0,1,4,1611,2,9475,1,1,1,0,0,1,19,1396.26
4,68.0,18,1,32.0,46,1,19,12975,7,40232,0,1,1,2,5,0,40,4286.58
7,74.0,18,0,0.0,0,0,12,6952,8,27472,0,0,0,0,1,2,30,2293.38
5,72.0,28,5,80.0,1229,1,1,339,0,0,1,1,0,0,4,3,20,3102.51
8,75.0,30,5,82.0,1239,0,1,205,7,31277,1,0,0,0,4,1,27,2857.39
2,16.5,6,0,0.0,0,0,6,3081,5,32654,1,0,1,4,0,2,21,1539.45
0,0.0,0,0,0.0,0,1,12,6897,9,64274,0,1,1,1,0,3,27,2214.22
7,136.0,40,5,68.0,850,0,8,3554,7,33279,0,0,1,6,2,2,38,3649.86
1,8.0,2,4,43.0,526,1,0,0,6,41055,1,1,0,0,1,1,15,2190.93
10,353.5,78,5,128.0,1067,0,2,1216,0,0,0,1,0,0,4,0,22,4585.66
7,164.0,34,0,0.0,0,1,8,4324,4,18566,1,0,1,6,3,3,33,3129.59
0,0.0,0,4,100.0,578,1,20,9623,8,39605,1,0,0,0,3,3,39,5693.66
2,16.0,4,2,6.0,514,1,9,4698,7,34781,1,0,0,0,3,1,25,1896.17
1,4.0,2,2,18.0,771,1,18,8345,6,27025,1,0,0,0,2,0,30,4307.79
5,121.0,20,5,76.0,870,1,20,9753,7,29533,1,1,0,0,2,2,43,5626.47
6,96.0,28,0,0.0,0,0,0,0,6,35000,0,1,1,6,3,0,23,1669.26
7,164.0,42,4,70.0,682,1,18,8629,6,32728,0,1,1,6,5,0,48,5323.38
5,43.0,14,4,54.0,1410,1,20,9277,7,30876,0,1,1,5,0,1,44,4735.06
5,54.0,18,0,0.0,0,1,11,5057,1,6648,1,0,0,0,5,3,26,2375.81
8,196.5,48,2,64.0,458,0,5,3520,7,36364,1,1,1,3,0,3,31,4151.17
3,97.0,26,2,40.0,587,0,14,5703,8,33346,1,1,1,0,1,0,31,3982.19
6,66.5,18,5,48.0,1287,1,19,10120,0,0,0,1,0,0,1,3,35,4533.36
9,89.5,28,2,34.0,402,0,19,9211,10,59533,1,0,1,4,0,0,46,5114.04
9,113.0,40,5,92.0,1781,1,20,10785,5,25498,0,1,0,0,2,0,42,5960.56
9,193.0,44,0,0.0,0,1,13,5506,6,17076,1,1,1,0,0,3,34,3437.53
8,217.0,46,0,0.0,0,0,0,0,4,24061,1,0,1,4,0,2,20,2427.01
2,32.0,8,4,84.0,1119,0,1,420,9,51621,0,1,1,0,5,2,25,2976.23
7,124.5,30,1,16.0,59,0,15,5305,4,12234,1,0,0,0,5,3,36,3411.67
9,208.0,46,1,64.0,270,1,18,8315,1,4725,1,0,0,0,2,0,32,5948.55
9,289.0,44,3,97.0,394,0,1,235,6,33270,0,1,0,0,3,3,26,3670.81
6,98.0,22,4,134.0,1060,0,2,1113,4,18810,0,0,1,2,5,1,25,3022.81
4,44.5,14,0,0.0,0,1,14,10043,5,21281,0,0,0,0,5,0,28,2583.3
5,52.0,22,0,0.0,0,1,11,6845,9,47449,1,1,0,0,5,3,35,3579.39
10,192.5,52,1,8.0,94,1,3,2393,9,55958,1,0,1,3,1,0,29,3416.59
9,293.0,72,2,96.0,552,1,4,2344,7,22361,1,0,0,0,0,3,26,5363.96
3,48.0,14,3,11.0,1017,0,8,4036,1,2067,1,0,1,1,2,0,20,1639.43
8,216.0,48,1,8.0,344,0,3,1759,3,17870,0,0,0,0,4,2,21,2608.53
2,8.5,6,0,0.0,0,0,12,7354,5,23523,0,0,1,1,3,0,24,1712.94
2,24.0,8,5,202.0,1456,1,15,9212,10,42687,0,1,0,0,0,1,34,6306.46
2,18.0,10,1,64.0,335,1,16,5205,1,5463,0,0,0,0,1,2,23,4127.73
7,95.0,18,5,110.0,1621,1,2,1176,4,14249,1,1,0,0,2,3,25,3996.35
9,204.0,60,1,8.0,182,1,16,5538,2,2852,1,1,1,2,5,0,38,4166.89
10,159.5,40,5,58.0,1482,1,17,8618,5,22057,0,1,1,1,5,1,46,4883.48
4,52.0,14,2,48.0,566,0,20,9961,0,0,0,1,1,4,1,1,34,3766.23
8,198.0,44,3,64.0,800,1,7,2761,8,55344,0,0,0,0,3,1,30,4745.53
4,21.5,8,3,38.0,553,1,8,2868,7,35507,0,1,1,1,2,3,30,2990.78
10,196.0,48,3,44.0,1073,1,20,9282,7,23936,0,1,0,0,5,2,48,7264.69
7,60.0,16,2,18.0,789,0,7,4553,4,10627,0,0,1,2,3,0,26,2020.01
8,142.5,40,2,3.0,777,0,17,10409,3,17442,0,0,0,0,4,1,35,4030.59
3,20.0,12,5,120.0,1510,0,7,4984,0,0,1,0,0,0,0,2,18,2401.17
2,24.0,6,1,2.0,126,0,11,5264,10,50672,1,0,1,5,0,0,31,2424.79
0,0.0,0,4,72.0,1291,1,17,6715,9,49579,0,1,1,5,2,3,42,4900.37
9,205.0,54,3,80.0,1002,1,16,7344,2,8307,1,0,0,0,3,1,35,5802.0
1,16.0,8,3,34.0,765,1,8,3723,0,0,0,1,0,0,2,3,18,2066.56
3,38.0,8,1,2.0,33,0,1,672,8,45627,0,0,0,0,0,1,14,1293.39
4,89.0,26,5,55.0,1112,0,20,10027,9,48556,1,1,1,0,1,1,43,4202.07
3,104.0,18,4,92.0,1352,0,13,6719,0,0,0,1,0,0,2,0,23,2795.77
9,125.5,34,3,66.0,962,1,20,10096,8,40396,0,0,0,0,1,0,41,6188.43
9,204.5,34,4,51.0,924,1,20,8984,1,7455,0,1,1,2,5,3,46,4916.82
9,218.0,52,1,4.0,356,0,1,84,9,53702,1,1,0,0,4,3,29,3023.71
5,128.0,26,2,34.0,695,1,1,881,3,15405,1,1,1,6,4,2,26,2917.31
3,36.0,18,2,80.0,130,0,8,4023,2,11604,0,0,0,0,4,2,21,2789.22
4,42.0,12,4,144.0,1377,0,12,7193,10,49787,0,1,1,4,0,3,39,4318.68
3,76.0,20,5,176.0,1514,0,18,10725,9,30678,0,1,1,0,1,2,40,5335.76
9,171.5,54,0,0.0,0,1,12,7824,10,44428,1,1,0,0,0,0,33,4461.36
9,103.0,30,0,0.0,0,1,3,792,4,20432,0,1,1,2,4,2,26,1590.26
7,122.5,34,1,16.0,424,1,15,7410,4,20278,0,0,0,0,0,2,29,3785.77
9,172.0,34,0,0.0,0,1,13,6568,9,41020,1,0,1,0,2,0,35,3774.72
4,73.0,14,0,0.0,0,0,19,9141,9,40739,0,0,1,4,5,2,44,3691.48
8,116.5,42,4,26.0,1260,0,15,9732,7,23761,1,0,0,0,5,2,42,3745.88
3,9.0,6,4,112.0,932,0,4,2219,6,33582,1,1,1,4,1,1,26,2636.83
4,160.0,40,4,96.0,647,0,16,6468,9,53288,0,1,1,1,3,0,39,5365.24
3,52.0,14,2,65.0,924,1,1,932,1,2918,0,1,0,0,2,2,12,1827.79
5,112.0,20,5,42.0,1461,0,8,3336,7,40223,1,0,0,0,3,0,29,2762.35
9,89.5,32,3,130.0,852,0,2,407,5,33575,1,1,1,3,5,0,30,3009.22
4,136.0,28,3,18.0,1010,1,2,870,1,296,1,0,1,2,5,0,19,1946.06
1,1.0,2,5,98.0,1225,0,2,701,9,57698,1,0,1,2,5,1,27,2999.48
9,169.0,30,2,9.0,680,1,6,3521,0,0,0,1,0,0,2,1,21,2205.37
5,112.5,24,5,102.0,1306,1,6,2753,0,0,0,1,0,0,3,3,23,4453.95
0,0.0,0,1,32.0,382,1,4,1957,2,8161,1,1,1,5,5,0,20,1300.97
8,172.0,38,5,122.0,1543,1,19,7926,8,37799,0,1,0,0,2,1,44,6651.42
6,136.0,28,1,2.0,114,0,20,10973,0,0,1,1,0,0,2,0,31,3754.81
3,88.0,12,1,1.0,459,0,11,6148,6,31106,0,0,0,0,5,2,28,2796.12
5,98.0,26,1,32.0,489,0,17,7723,3,8377,0,0,0,0,2,0,28,3023.84
0,0.0,0,2,33.0,244,0,16,7084,2,11974,1,1,0,0,4,0,26,2302.38
0,0.0,0,5,93.0,1399,1,7,3724,6,43605,0,0,1,1,5,0,25,3657.16
7,132.0,42,2,48.0,766,0,16,6871,4,13402,1,0,1,2,5,2,40,4319.49
8,164.5,48,2,40.0,383,1,3,533,8,50158,0,0,1,4,4,1,31,3372.92
8,161.0,36,4,66.0,367,0,5,2400,8,46712,0,0,0,0,1,2,28,3313.05
2,40.0,10,3,7.0,589,0,13,6869,3,22083,0,1,0,0,3,2,27,1955.18
8,143.0,42,0,0.0,0,1,7,2249,9,56266,0,1,0,0,5,2,32,2643.87
10,204.0,44,0,0.0,0,0,1,436,6,20908,0,1,0,0,0,3,21,2237.15
8,108.0,32,5,82.0,951,0,13,5677,2,6737,1,1,1,6,5,1,43,3485.52
1,8.0,2,1,16.0,139,0,7,4216,8,26358,1,1,0,0,5,2,26,1602.39
1,16.0,4,4,81.0,1412,0,15,6022,2,10878,1,1,1,6,3,1,35,3560.07
8,106.0,36,2,24.0,409,0,3,1299,1,6134,1,1,1,3,2,1,23,2006.59
6,185.0,38,4,17.0,566,1,10,5200,0,0,1,1,1,3,5,1,32,3182.81
2,64.5,10,4,70.0,760,1,2,661,3,20722,0,1,1,2,2,3,20,2829.7
7,146.0,48,4,44.0,769,1,19,10956,7,50012,1,0,0,0,0,0,38,5657.2
9,101.5,26,0,0.0,0,1,16,9104,9,54483,0,0,0,0,3,2,39,3475.72
10,198.0,56,5,84.0,1029,1,16,6968,1,6553,1,1,1,4,5,0,44,5635.95
8,170.0,38,0,0.0,0,1,18,11251,9,56088,1,0,1,1,5,1,44,4626.8
1,16.0,2,2,2.0,842,0,12,5513,3,9462,0,0,1,2,1,0,22,2526.66
9,258.0,52,4,106.0,525,0,11,5612,0,0,1,1,0,0,2,3,31,3932.78
10,83.5,24,2,5.0,540,0,14,6060,2,14036,0,1,0,0,4,0,33,2726.61
9,101.0,34,1,8.0,373,0,9,4192,6,33918,0,0,1,3,5,3,37,2938.95
8,116.0,48,2,16.0,684,0,7,3607,6,23685,0,1,1,3,0,0,28,3175.0
5,38.5,22,1,8.0,114,1,14,7477,4,11964,0,0,1,6,1,1,33,2719.5
2,48.0,12,2,16.0,344,0,4,2017,2,16433,1,0,1,6,1,2,21,1335.58
0,0.0,0,2,80.0,468,1,17,8000,9,55590,1,0,1,1,4,3,38,4993.01
6,72.5,22,4,100.0,790,1,3,827,3,9056,1,0,1,0,0,3,21,3675.44
9,249.0,56,1,16.0,246,0,16,7078,6,25978,1,1,0,0,2,0,36,4281.45
1,16.0,8,5,137.0,634,0,0,0,7,53627,1,0,1,0,5,0,20,2960.98
8,268.0,56,0,0.0,0,0,18,10135,7,43219,0,1,0,0,0,1,35,4515.77
3,40.0,16,4,74.0,666,1,16,8778,1,1689,1,0,1,6,0,0,32,4049.81
4,30.0,8,5,51.0,1061,1,7,3811,4,20762,1,0,1,6,4,2,34,2767.74
4,144.0,32,3,37.0,842,0,12,6718,8,33376,0,1,0,0,4,1,33,4545.67
3,64.0,14,5,61.0,865,1,3,1033,7,38036,0,1,1,5,0,0,25,3320.29
1,4.0,2,1,32.0,327,1,18,7533,7,34298,1,0,1,2,4,2,37,3201.43
7,122.0,24,3,49.0,966,0,16,8756,9,41845,1,1,1,1,0,2,41,4410.83
1,1.0,2,3,74.0,746,1,6,3399,1,7581,1,0,0,0,2,2,16,2810.71
6,210.0,40,3,34.0,953,1,2,534,0,0,0,0,0,0,3,1,15,2678.97
2,12.0,4,1,16.0,291,0,17,8173,10,30407,1,1,0,0,4,2,38,3035.75
7,122.0,40,4,176.0,1445,1,7,4375,9,45220,1,1,0,0,3,2,34,6963.41
0,0.0,0,2,40.0,172,1,15,5968,3,18983,1,1,1,0,4,2,29,4382.09
1,16.0,4,3,41.0,555,0,11,5308,3,25058,0,0,1,6,5,1,31,2259.1
9,85.5,34,3,56.0,479,1,7,4188,4,22390,1,0,0,0,2,2,28,3522.83
5,41.0,12,0,0.0,0,1,12,7335,5,28464,0,1,1,1,0,1,26,1745.88
1,8.0,2,2,34.0,494,0,10,4199,7,38802,1,1,1,1,5,2,31,2156.64
10,95.0,44,3,88.0,803,1,15,7396,0,0,0,1,0,0,5,2,36,4804.3
7,42.5,18,4,51.0,970,0,8,4591,8,48667,1,1,0,0,0,3,32,3460.66
3,66.0,14,2,6.0,740,1,0,0,10,41929,1,0,0,0,3,2,21,1862.8
7,45.0,16,1,16.0,273,0,15,8369,1,2705,0,1,0,0,0,2,27,2212.22
9,248.5,58,4,58.0,911,1,6,3453,0,0,1,0,1,0,1,3,25,4258.59
9,146.0,38,3,96.0,1323,0,17,8421,2,11606,1,1,0,0,1,0,34,5009.87
9,173.0,38,1,16.0,430,1,9,5778,2,9015,1,1,0,0,5,0,28,3294.04
5,62.0,18,3,44.0,542,0,0,0,4,11810,1,0,0,0,3,1,17,1393.27
8,72.5,22,3,21.0,626,1,3,1862,1,6275,1,1,0,0,1,2,20,1804.73
9,208.5,50,1,16.0,324,1,3,1063,10,45915,0,1,1,6,1,0,32,3751.88
0,0.0,0,4,152.0,810,1,8,4687,2,12774,0,0,1,3,3,1,22,4174.64
0,0.0,0,3,13.0,759,0,16,6364,6,27387,1,1,0,0,0,1,28,2604.18
5,176.0,26,3,56.0,875,0,12,6331,2,8921,0,0,1,6,0,2,31,3438.21
7,185.0,40,1,64.0,104,1,4,2307,8,39032,1,0,1,1,3,2,28,4023.85
2,80.0,16,2,40.0,440,1,15,6168,5,19116,1,0,0,0,4,3,32,4166.15
9,134.5,32,2,9.0,766,1,5,3400,2,18696,1,0,1,1,1,1,23,3345.66
2,40.0,10,2,18.0,202,1,3,2030,4,22248,1,1,0,0,0,1,14,1830.59
8,178.0,32,4,58.0,1551,1,19,11773,0,0,0,0,0,0,2,0,33,4457.06
3,88.0,28,3,100.0,992,0,1,979,4,17895,1,0,0,0,2,3,17,2887.55
10,299.5,70,1,1.0,253,1,18,11734,4,19752,1,0,0,0,3,1,38,4859.44
6,81.0,30,0,0.0,0,1,2,1072,4,28625,0,1,0,0,1,1,15,1632.43
3,112.0,20,5,60.0,1044,1,10,3997,3,15691,1,1,0,0,1,1,25,4418.66
9,80.0,24,5,144.0,1602,0,15,6204,10,43575,0,0,0,0,5,2,46,4715.61
1,16.0,8,4,58.0,1186,0,18,8357,2,10732,0,1,1,2,4,3,36,3191.15
6,104.0,26,2,24.0,541,1,20,10690,7,29605,1,0,0,0,2,0,38,5031.6
7,160.0,34,4,64.0,530,0,18,7412,5,16665,0,1,0,0,5,3,43,4446.76
10,157.0,30,5,74.0,1367,0,20,10413,9,53429,1,1,1,5,4,2,58,5238.14
2,32.0,12,1,32.0,410,0,16,8249,4,21427,0,0,1,3,3,0,30,2691.02
8,236.5,58,5,176.0,564,0,18,8140,3,18394,0,0,0,0,1,0,35,6746.43
10,177.0,42,5,184.0,1273,0,20,9659,10,33166,1,1,0,0,4,2,53,5901.72
1,2.0,2,5,168.0,1163,1,14,7327,9,46645,1,1,1,6,2,0,40,6338.44
4,56.0,14,1,2.0,397,1,20,10537,3,19470,0,1,1,4,1,0,35,2634.3
10,257.5,60,2,40.0,604,1,9,4880,10,54189,1,0,0,0,0,3,35,5474.14
9,110.5,30,1,8.0,159,0,15,8341,1,3989,0,0,0,0,3,3,32,2807.83
8,116.0,32,3,80.0,232,1,11,5914,4,23124,1,0,1,3,3,1,35,4446.85
0,0.0,0,5,102.0,1293,0,10,5840,7,28613,1,0,0,0,0,0,23,3079.19
3,81.0,14,5,100.0,1185,1,7,3918,10,47864,1,1,1,3,3,0,34,4337.66
9,144.0,38,4,51.0,972,1,19,9349,10,46571,1,0,1,5,0,0,49,5304.72
9,156.0,40,3,104.0,688,0,11,4811,0,0,0,1,0,0,5,0,29,3504.52
10,132.5,36,2,36.0,335,1,14,8685,7,28060,0,1,1,6,3,3,47,4089.33
10,227.5,54,5,81.0,1457,0,5,2363,4,23115,1,0,0,0,4,1,30,4283.71
6,122.0,22,1,16.0,440,1,7,3761,3,23371,0,1,1,5,0,2,26,2525.0
9,94.0,32,3,10.0,1096,1,15,7007,8,58473,0,1,1,5,3,3,48,3865.64
7,85.5,30,5,113.0,1176,1,0,0,4,6695,0,1,0,0,0,3,20,3461.33
9,108.5,36,0,0.0,0,1,13,7179,9,49372,0,1,1,6,1,3,43,4290.61
4,40.0,12,3,13.0,419,1,13,6122,1,5570,1,1,0,0,5,1,29,3207.48
9,120.0,38,3,18.0,801,0,18,9010,0,0,0,1,1,0,3,3,38,3429.22
7,139.0,28,4,26.0,833,1,16,7155,6,34333,1,1,1,4,5,2,47,4532.9
1,0.5,2,5,129.0,1045,0,20,10256,0,0,0,1,1,3,2,2,35,3792.45
7,132.0,40,0,0.0,0,1,12,7412,6,39102,0,1,0,0,5,1,32,2832.73
7,168.0,36,3,20.0,794,0,9,3866,10,63618,1,1,0,0,2,2,35,3633.66
4,137.0,20,2,9.0,426,1,5,2861,5,17887,1,0,1,3,5,1,27,2091.09
6,37.0,14,0,0.0,0,0,20,10793,6,18720,1,1,1,5,4,3,47,2732.3
8,117.0,28,1,8.0,117,1,5,1537,4,17163,1,0,0,0,1,3,23,1922.21
7,81.0,28,5,48.0,876,1,14,6586,1,5755,1,1,0,0,5,1,35,4163.72
9,278.0,66,4,140.0,660,1,16,9896,10,47594,0,0,0,0,3,2,44,7784.48
5,78.0,24,2,10.0,286,1,17,9304,8,50014,0,0,0,0,2,1,35,4318.23
3,40.0,10,0,0.0,0,0,8,3897,6,35164,0,1,1,0,1,3,23,1799.6
7,184.0,34,2,96.0,507,0,17,8213,6,33982,0,1,1,1,0,3,38,4777.3
4,40.0,14,5,88.0,1261,0,10,5615,7,48509,1,0,1,5,5,1,39,3450.18
0,0.0,0,3,38.0,515,1,9,4718,9,47022,1,1,0,0,3,3,29,2891.74
2,64.0,12,0,0.0,0,1,19,7695,7,31531,0,1,0,0,3,2,34,3139.64
8,178.0,36,3,25.0,662,1,11,5237,10,46992,0,0,1,5,4,3,45,4411.26
5,118.0,24,4,51.0,779,1,20,10824,2,8155,1,1,1,4,3,3,44,4735.08
10,223.0,62,2,96.0,576,1,11,6955,7,35446,0,1,0,0,2,2,35,5581.48
6,76.0,22,0,0.0,0,1,7,2914,9,45031,1,0,1,2,5,3,34,2674.28
2,24.0,4,3,72.0,608,0,6,3242,3,5272,0,0,0,0,1,0,15,1557.9
0,0.0,0,4,49.0,876,1,12,7414,5,9426,1,1,1,0,3,1,28,3226.02
9,250.0,60,4,81.0,809,0,20,6463,10,44153,1,0,0,0,1,1,46,5010.08
9,163.0,36,0,0.0,0,0,16,5381,8,55016,1,1,1,5,1,2,44,3738.02
8,113.0,30,4,27.0,1275,1,8,5430,8,46622,1,1,1,4,2,3,40,3941.73
8,118.0,34,1,2.0,416,0,20,8482,8,33717,0,0,1,0,2,3,43,3802.22
3,49.0,12,2,9.0,846,1,8,3736,7,32897,0,1,0,0,0,2,23,2335.44
6,288.0,52,2,9.0,161,0,3,1760,0,0,0,0,1,1,1,1,15,2412.69
9,220.0,50,0,0.0,0,0,4,2430,0,0,1,1,0,0,0,0,15,2339.21
1,4.0,2,2,18.0,791,0,9,5188,2,7730,0,0,1,1,3,3,22,1476.68
2,32.0,12,1,8.0,446,0,0,0,6,41869,1,1,0,0,3,3,17,1592.3
2,40.0,10,0,0.0,0,0,6,3115,8,34320,1,0,1,4,0,2,24,1555.63
0,0.0,0,0,0.0,0,1,11,6105,6,32683,0,1,1,1,5,1,26,1496.51
1,0.5,2,4,69.0,1014,0,1,62,4,20869,1,1,1,2,2,0,17,1964.62
2,16.0,4,1,2.0,167,1,6,2844,3,14900,1,0,0,0,5,1,19,1171.66
6,184.0,42,5,46.0,1242,0,17,9850,4,15721,1,1,0,0,5,1,40,5066.4
1,32.0,8,0,0.0,0,0,13,6848,10,51698,0,1,0,0,1,3,29,3213.68
0,0.0,0,4,120.0,624,0,6,2152,5,19712,0,0,1,5,1,1,23,2159.24
0,0.0,0,3,32.0,512,1,7,2414,7,38084,0,1,0,0,3,1,22,2197.47
7,76.5,20,3,70.0,901,0,8,3864,3,17297,0,1,1,2,5,3,33,2701.34
9,141.0,44,4,112.0,813,0,6,2056,1,7440,1,0,0,0,0,2,23,4413.03
1,16.0,8,3,74.0,756,0,11,6826,6,32945,0,0,0,0,5,1,27,3002.33
4,66.0,20,0,0.0,0,0,15,8724,0,0,0,0,1,5,0,0,25,1952.97
8,230.0,34,5,88.0,1200,1,6,3856,2,13034,0,0,0,0,1,0,22,4790.7
3,38.0,8,4,98.0,875,0,15,7553,0,0,0,0,0,0,4,2,28,3056.27
1,0.5,2,5,101.0,1617,1,14,8366,4,18181,1,0,1,3,4,1,34,5299.03
2,32.0,10,3,18.0,1333,0,12,7192,2,15712,1,0,1,5,2,0,28,2482.95
3,16.0,6,2,20.0,475,1,19,8567,7,46323,0,0,1,3,3,0,38,3656.37
3,28.0,8,5,90.0,962,0,16,9388,4,26299,1,1,1,5,0,3,39,3622.24
2,48.0,8,0,0.0,0,0,11,5053,8,28324,1,0,0,0,0,3,25,2586.17
2,34.0,6,2,33.0,301,1,6,2744,9,39172,1,1,1,1,2,0,25,2439.24
9,208.0,46,1,1.0,388,0,16,8738,5,10959,0,0,1,6,4,3,45,4435.93
9,248.0,60,2,72.0,566,0,9,5560,1,8017,0,0,1,0,4,0,26,3682.89
1,16.0,8,4,90.0,1047,0,18,10600,7,37620,1,0,0,0,2,3,36,4244.09
7,120.5,34,0,0.0,0,1,0,0,2,7358,0,0,1,3,0,2,15,1328.3
4,60.0,16,1,2.0,195,1,2,1059,5,34854,1,1,0,0,0,3,17,1908.03
7,89.0,20,3,28.0,649,1,17,9418,10,30827,0,0,1,4,1,3,46,4556.16
4,144.5,22,1,8.0,72,0,0,0,10,53581,0,1,0,0,3,1,20,2038.86
6,130.0,32,4,112.0,795,0,7,4611,2,2561,0,1,0,0,2,1,23,2854.5
7,104.0,26,1,1.0,279,1,17,9035,1,358,1,0,1,5,5,3,41,3260.48
8,117.0,40,0,0.0,0,1,17,7565,9,46716,1,0,1,3,4,1,44,4740.53
4,56.5,14,0,0.0,0,1,17,8636,3,27761,0,1,1,5,0,3,34,2507.89
7,158.0,34,5,36.0,1621,1,9,4860,7,30711,0,0,1,1,5,3,38,4259.51
1,32.0,8,4,68.0,1469,0,8,4638,6,28321,0,0,1,4,3,3,30,2352.74
1,8.0,2,1,16.0,162,0,11,5376,10,34228,1,1,0,0,3,1,29,1802.79
2,64.0,16,5,75.0,1399,1,1,274,7,37216,0,0,1,0,1,0,17,2899.18
6,144.0,30,4,75.0,908,0,17,8593,4,27158,1,0,0,0,3,2,37,4173.53
0,0.0,0,2,6.0,553,1,18,11238,2,8435,1,1,1,6,0,0,31,2092.81
10,90.5,30,0,0.0,0,0,8,2861,8,46070,0,1,1,1,1,3,33,2287.44
4,90.0,16,3,28.0,559,0,2,692,2,3276,1,1,0,0,1,2,16,1176.23
5,164.5,28,3,100.0,885,0,10,4747,1,8249,1,0,0,0,3,3,26,3422.58
9,184.5,42,2,40.0,582,1,0,0,4,24759,0,0,1,0,3,2,21,3088.4
7,121.0,34,2,64.0,582,1,2,483,10,45534,1,1,0,0,5,1,29,3835.14
7,60.5,22,5,166.0,835,1,6,4115,10,66599,1,1,1,0,0,0,31,6562.03
4,38.0,8,0,0.0,0,0,17,10358,9,45666,0,0,0,0,3,2,35,3512.05
2,16.0,4,1,2.0,175,1,11,8026,9,46837,1,1,0,0,3,3,31,3250.76
6,82.0,24,5,101.0,1644,1,11,6662,10,60571,0,1,0,0,5,2,40,5543.43
0,0.0,0,0,0.0,0,1,8,4581,0,0,0,0,1,5,3,1,18,1076.92
9,157.5,42,2,16.0,452,1,17,8050,4,29843,0,0,0,0,2,1,35,4693.78
4,75.0,16,5,71.0,1404,0,0,0,7,42502,1,0,1,6,2,3,29,2832.35
0,0.0,0,1,1.0,97,1,8,3882,7,32194,1,1,0,0,2,1,21,1286.39
10,199.0,56,1,4.0,78,0,15,8432,9,41011,0,1,0,0,0,3,39,4397.79
4,53.0,16,1,64.0,443,0,10,5574,3,14742,0,0,0,0,0,1,19,2292.13
10,196.5,56,1,4.0,197,0,2,1439,9,46925,1,1,0,0,2,1,27,2881.98
1,32.0,8,0,0.0,0,0,4,2251,3,9574,1,0,0,0,4,1,14,1119.0
2,10.0,6,3,66.0,592,1,3,1988,6,26742,0,0,0,0,4,3,21,2222.94
3,32.0,8,0,0.0,0,0,7,4351,7,39069,1,1,1,2,1,2,25,2874.89
2,33.0,6,3,52.0,970,1,3,1712,8,37820,1,1,0,0,4,1,23,2800.9
8,59.5,20,0,0.0,0,1,10,5367,8,40902,1,0,1,1,5,0,34,2578.08
10,297.0,62,5,80.0,1338,0,12,6746,3,9771,1,1,0,0,5,1,38,5271.21
4,40.0,18,5,178.0,1606,0,8,2923,2,4751,0,0,1,6,3,3,32,3054.99
10,153.0,40,5,45.0,1459,1,18,9234,4,20915,0,1,1,1,5,0,45,4993.76
1,8.0,4,0,0.0,0,1,11,4692,4,26797,0,0,1,5,0,0,22,1897.05
3,104.0,28,5,49.0,1228,0,14,8328,9,30194,1,0,0,0,3,0,35,4105.23
8,231.5,40,4,51.0,1001,0,11,5746,2,2000,1,1,1,5,1,0,34,3777.59
7,72.5,22,1,4.0,226,0,4,1509,8,32706,1,0,0,0,4,3,28,2086.71
6,140.0,34,4,144.0,216,1,15,8732,8,35168,1,0,0,0,5,0,39,7526.6
4,50.0,10,2,20.0,778,0,6,2257,10,45031,1,1,1,6,3,1,35,1972.09
3,48.5,14,0,0.0,0,1,18,7558,6,34975,0,0,1,1,3,3,35,3465.93
3,36.0,8,4,50.0,769,0,11,5157,7,29877,1,0,1,6,4,1,38,2708.56
10,67.5,22,1,4.0,174,0,17,7535,2,6017,0,1,0,0,0,0,31,2030.74
4,81.0,18,1,16.0,322,1,7,3229,3,12031,0,1,0,0,0,1,17,1771.85
4,144.0,28,4,49.0,1408,1,19,9444,5,19776,1,1,1,2,5,2,44,5526.33
1,16.0,2,5,97.0,898,1,10,4005,4,15544,1,0,0,0,0,2,23,4393.85
4,105.0,20,3,104.0,1208,0,5,1964,3,17471,0,1,0,0,3,1,20,2688.57
8,202.0,40,4,49.0,735,0,3,1333,2,4072,0,0,0,0,0,3,20,2589.37
2,80.0,16,1,16.0,183,1,14,7147,6,37505,0,0,0,0,3,1,27,3304.89
0,0.0,0,3,112.0,804,0,5,2483,2,13983,0,0,1,2,0,3,16,2324.98
0,0.0,0,2,24.0,733,1,1,399,5,14570,1,0,0,0,2,2,13,1289.83
0,0.0,0,3,14.0,929,0,11,5044,4,26626,0,1,0,0,1,2,22,2201.03
2,24.0,8,5,144.0,1504,1,9,5804,8,39951,1,0,1,5,5,0,36,5410.93
9,181.0,44,3,40.0,1102,0,16,8002,6,30480,0,0,1,5,3,2,45,4069.36
3,22.0,6,0,0.0,0,1,7,3419,10,36774,1,0,1,0,5,2,29,1817.11
1,8.0,2,1,16.0,87,1,12,4672,10,52441,1,0,1,4,4,0,34,2623.99
4,28.5,14,0,0.0,0,0,12,6917,8,37526,0,0,1,0,4,1,30,2054.48
8,71.5,20,3,26.0,591,0,15,6542,9,43759,1,1,0,0,4,1,42,2789.53
3,33.5,12,4,113.0,677,1,18,10284,3,13782,0,0,0,0,3,3,34,4899.23
6,85.5,22,3,73.0,1338,1,7,3519,7,28149,1,0,0,0,1,1,26,3793.2
7,209.0,40,5,92.0,1372,0,12,7046,0,0,1,1,1,0,4,0,31,4326.51
6,112.5,22,1,2.0,39,0,18,10404,2,9271,1,1,0,0,1,0,30,2640.05
5,112.5,18,4,128.0,892,0,8,3160,9,51826,1,0,0,0,3,2,32,3976.38
5,145.0,30,2,17.0,273,0,4,1626,2,12228,1,0,0,0,2,0,16,1841.2
1,1.0,2,3,32.0,733,1,17,6421,10,58606,1,0,1,4,2,2,41,4010.35
0,0.0,0,2,80.0,297,1,3,1294,2,11121,0,1,0,0,5,1,14,2528.83
0,0.0,0,1,16.0,391,1,9,5608,8,34965,1,0,1,4,1,2,27,2968.64
7,132.0,30,5,73.0,1431,0,3,1276,8,38939,0,0,0,0,5,1,29,2783.26
2,24.0,4,4,104.0,1162,0,16,9284,8,41741,0,1,0,0,5,1,37,4607.12
2,16.5,10,5,122.0,1399,1,7,2394,2,12926,0,0,1,1,2,2,22,4648.62
6,62.0,20,4,161.0,1025,1,1,150,9,53517,1,0,1,0,1,0,23,4452.91
10,202.5,60,3,80.0,672,0,2,1257,8,35595,0,0,1,3,2,1,30,3661.91
7,176.5,42,3,41.0,714,1,3,1888,0,0,1,1,1,3,4,0,23,2833.94
2,24.0,12,3,50.0,327,1,9,3855,5,33969,1,1,1,4,0,2,28,3532.98
9,121.0,30,3,50.0,648,1,14,7865,10,51335,0,1,0,0,0,3,40,5456.43
4,64.0,16,3,25.0,842,1,1,548,5,22038,0,0,0,0,3,3,19,1811.98
2,32.0,8,1,16.0,256,1,15,9383,9,52849,1,0,1,5,5,0,39,3680.27
0,0.0,0,4,144.0,1077,0,16,7471,5,20849,0,1,0,0,4,1,31,3000.05
0,0.0,0,3,36.0,686,1,18,9846,0,0,0,0,1,4,0,3,29,3619.39
9,113.5,32,1,32.0,61,0,11,4835,4,27442,0,1,0,0,4,1,31,2765.63
9,181.0,36,0,0.0,0,0,2,659,6,41069,0,1,1,0,5,3,27,2480.23
1,8.0,4,4,104.0,1200,1,7,4571,10,44624,1,0,1,0,2,0,26,3976.19
10,178.0,46,0,0.0,0,0,10,3950,10,44709,1,0,0,0,2,2,35,3118.48
5,73.5,24,3,42.0,721,1,9,5490,10,48498,1,0,0,0,5,3,36,4782.56
4,56.0,16,5,160.0,1849,0,0,0,7,28421,1,1,0,0,5,2,25,3126.21
10,228.5,54,4,56.0,917,0,17,8575,6,27437,0,0,0,0,5,1,43,4556.34
5,86.0,20,3,14.0,682,0,16,8800,5,29960,0,0,1,3,5,3,41,3100.39
1,32.0,8,4,129.0,431,1,17,8038,6,37948,0,0,1,5,5,2,41,4577.34
4,97.0,24,3,7.0,462,1,9,5434,7,36940,0,1,0,0,0,2,26,2726.7
9,122.5,30,3,14.0,953,1,17,8650,8,28382,1,0,0,0,4,0,42,3474.01
8,176.0,38,4,76.0,836,0,20,9997,5,17100,1,1,0,0,3,2,44,5041.03
3,34.0,14,4,74.0,1147,1,5,2764,0,0,1,1,1,4,1,2,22,3082.89
2,17.0,6,5,92.0,981,0,16,6901,4,20623,0,1,1,5,1,2,37,3106.81
7,293.0,44,5,90.0,1339,0,4,1373,7,34350,1,1,0,0,5,1,31,3984.83
0,0.0,0,1,64.0,156,1,11,6017,4,13666,1,0,0,0,0,1,18,2611.19
6,137.0,38,4,114.0,1168,1,17,6816,2,2578,0,0,1,3,3,2,38,4996.95
5,45.5,16,1,16.0,67,1,15,5865,4,13750,1,0,0,0,0,1,27,2935.31
9,210.0,44,5,110.0,1383,1,12,6348,1,7708,0,1,0,0,3,0,31,5650.22
0,0.0,0,1,64.0,394,1,6,4472,9,36659,0,0,1,6,5,2,30,2790.62
2,36.0,10,0,0.0,0,0,4,2212,8,39167,1,0,0,0,4,3,22,1493.0
8,100.0,28,4,20.0,1258,1,14,7751,4,27914,1,1,1,2,4,3,42,3410.84
4,114.0,28,1,32.0,479,1,8,2856,5,34008,1,0,0,0,1,3,23,3435.23
1,8.0,4,0,0.0,0,0,20,9899,8,50506,0,0,1,6,1,1,38,3124.33
7,154.0,30,5,106.0,638,1,2,1043,9,50903,0,0,0,0,1,1,25,4345.57
3,40.0,14,2,48.0,220,1,11,6255,6,29973,0,0,1,0,2,2,27,3222.83
8,125.5,34,1,32.0,363,1,6,4644,2,14866,0,0,1,6,2,2,28,2641.66
9,230.0,44,5,148.0,764,0,11,5376,9,27857,1,1,0,0,1,1,38,5251.88
3,68.5,12,0,0.0,0,1,18,8055,6,22244,1,0,1,4,4,3,40,2407.59
1,8.0,4,1,2.0,25,0,10,4923,7,21566,0,1,1,3,5,0,29,2032.6
3,20.0,6,4,72.0,1135,1,11,6501,5,28578,0,0,0,0,2,2,27,3116.25
4,24.5,14,1,4.0,464,0,8,4154,2,7731,0,1,1,6,4,2,29,1011.56
2,17.0,10,4,60.0,637,0,18,8739,3,16665,0,0,0,0,3,3,33,3873.47
1,1.0,2,3,22.0,685,0,5,2903,8,36593,0,0,1,5,5,1,29,1652.37
10,247.5,50,0,0.0,0,1,16,7649,9,45245,1,1,1,0,5,1,44,5022.87
6,124.0,32,4,89.0,1079,0,5,3038,1,45,1,0,0,0,1,1,19,2475.57
4,128.5,22,0,0.0,0,0,4,1516,3,20674,1,1,0,0,3,3,19,1947.01
2,80.0,18,1,4.0,497,1,19,11292,8,38409,0,1,1,2,0,3,37,4106.19
8,216.0,56,5,178.0,1933,1,15,9551,7,28608,1,1,1,2,5,1,46,8739.56
4,54.0,16,1,32.0,99,1,16,6805,5,36635,0,1,1,3,2,1,34,2953.42
6,154.0,34,5,160.0,1556,0,2,908,3,17614,0,1,1,5,4,0,27,3418.68
4,65.0,14,3,96.0,813,1,5,2435,0,0,1,1,1,0,0,3,18,2964.78
7,66.0,22,1,1.0,279,0,18,10361,9,32649,1,1,1,6,5,0,49,3940.51
5,89.0,20,1,16.0,233,0,8,2808,4,26540,0,1,0,0,1,2,22,2349.72
9,297.5,54,2,24.0,706,1,9,5257,0,0,1,1,0,0,3,1,26,3637.34
6,80.0,28,3,19.0,732,0,19,10474,4,16787,1,0,0,0,4,1,38,4099.47
7,94.0,28,3,73.0,744,1,13,7827,8,44583,1,0,0,0,0,1,33,4915.99
0,0.0,0,2,68.0,774,1,6,2648,3,17297,0,1,1,5,4,2,24,2383.24
9,195.0,40,4,73.0,1120,1,19,9726,10,48722,1,0,1,1,1,0,46,6968.29
10,164.5,36,0,0.0,0,1,2,823,5,18201,0,0,0,0,0,2,19,1550.58
7,74.5,26,0,0.0,0,1,19,10775,2,8097,1,1,1,3,3,1,38,3990.75
9,168.0,38,2,80.0,552,0,10,4711,0,0,0,1,1,5,0,1,29,3528.75
0,0.0,0,0,0.0,0,0,5,3097,1,8236,1,1,0,0,2,2,12,1018.99
3,14.0,6,1,32.0,228,0,13,6581,6,26722,1,1,0,0,1,2,28,2275.92
2,34.0,10,4,106.0,1581,0,3,647,0,0,0,1,0,0,1,1,12,1918.71
9,213.0,50,3,68.0,913,1,17,5015,7,33001,0,0,0,0,5,3,44,5921.86
6,116.0,28,0,0.0,0,1,11,4585,0,0,0,0,1,1,5,2,26,2396.47
0,0.0,0,4,51.0,997,1,13,7620,2,8889,1,0,1,1,5,3,30,2883.25
8,227.0,38,5,72.0,1120,0,3,1047,9,49199,1,0,1,5,0,0,32,3421.99
7,101.0,28,2,68.0,204,1,0,0,10,47590,0,1,0,0,2,3,25,3171.05
8,88.0,28,0,0.0,0,1,14,7252,7,20464,1,0,1,5,1,2,39,3111.7
3,68.0,18,0,0.0,0,1,9,4987,4,16782,1,0,0,0,4,3,24,2597.37
5,128.0,26,2,36.0,305,1,6,2907,2,4992,0,1,1,4,1,1,23,3007.63
6,130.0,22,3,73.0,681,0,8,3703,1,2366,1,0,0,0,0,1,20,2495.64
2,72.0,10,0,0.0,0,0,6,2195,5,20133,0,1,1,6,3,0,24,1007.99
10,135.0,42,0,0.0,0,0,4,1768,9,47350,1,1,1,0,2,3,31,2349.02
1,16.0,4,1,16.0,419,1,14,9884,8,35559,0,0,0,0,4,0,28,2741.56
3,18.0,6,5,37.0,1365,1,10,5864,3,14978,1,0,1,2,3,1,29,3443.98
6,96.5,26,5,116.0,1528,0,18,10078,5,37970,1,0,1,5,5,2,48,5612.3
5,54.0,20,4,116.0,945,0,0,0,2,8958,1,1,0,0,0,1,14,2154.06
5,64.0,18,0,0.0,0,0,9,5546,6,23560,0,0,0,0,3,3,26,2154.02
2,9.0,4,1,16.0,488,1,18,12015,3,6816,1,1,0,0,4,0,30,2863.6
9,156.5,40,3,88.0,903,1,0,0,0,0,1,0,0,0,0,1,14,3235.87
5,104.0,24,3,88.0,691,0,6,3643,4,23941,1,0,1,6,3,3,32,3196.79
6,78.0,22,0,0.0,0,0,7,4043,4,23401,0,1,1,3,4,2,28,1840.88
7,80.0,28,2,96.0,736,0,9,2878,9,38631,0,1,0,0,5,0,33,2924.61
7,78.0,24,4,96.0,765,0,8,3551,5,29042,0,0,1,2,1,3,31,3021.78
9,154.0,38,1,8.0,334,0,0,0,2,6552,0,1,1,3,4,2,23,1605.54
5,38.0,14,0,0.0,0,0,7,3179,10,44823,0,1,0,0,2,3,28,2073.99
1,32.0,8,4,42.0,476,0,9,3161,4,18870,1,0,1,0,0,1,21,2162.99
4,112.5,16,5,86.0,1497,1,10,6565,5,29835,0,1,1,0,2,0,28,4817.67
10,122.5,34,3,8.0,1216,0,5,1868,1,2471,1,1,1,4,1,3,30,1879.95
2,72.0,12,4,48.0,780,0,20,12516,2,9687,1,0,1,2,2,3,37,4192.17
8,107.5,30,0,0.0,0,0,20,10599,3,9219,1,1,1,0,3,0,37,3519.8
1,4.0,2,1,4.0,210,1,15,8596,1,8783,1,1,1,6,4,1,32,3155.09
0,0.0,0,3,44.0,885,1,3,1879,2,13783,1,1,0,0,2,3,15,2083.65
4,32.5,16,0,0.0,0,0,14,6338,6,28306,1,1,1,5,4,1,37,2835.14
4,90.0,22,0,0.0,0,0,5,3111,7,41044,1,1,1,2,3,3,27,2322.71
10,179.0,48,1,64.0,119,0,4,1525,7,23347,1,1,1,4,2,2,33,3041.0
3,28.0,8,1,2.0,400,0,2,1418,9,50540,0,1,0,0,1,1,18,1485.56
6,49.5,20,3,52.0,463,1,18,10063,5,34147,1,1,1,6,0,0,41,4460.06
5,98.0,26,5,66.0,1027,1,15,10630,3,21769,0,0,0,0,3,1,32,4866.14
0,0.0,0,0,0.0,0,0,15,7424,6,20930,0,1,0,0,1,2,25,2758.89
1,16.0,8,1,16.0,160,0,14,7366,8,41287,0,1,0,0,3,3,31,3088.85
10,159.5,38,4,72.0,1293,1,4,1780,10,36279,0,1,1,2,1,2,35,4225.97
9,196.5,52,3,28.0,898,1,18,11111,3,17223,0,0,1,6,5,0,45,4975.66
6,152.0,34,0,0.0,0,0,5,1942,6,31789,0,0,1,4,0,0,22,2237.74
10,83.5,26,3,66.0,1039,1,18,9521,9,44253,0,0,0,0,0,3,43,5722.54
9,210.5,52,4,49.0,1276,1,19,9905,8,29937,0,1,1,5,0,1,48,5055.51
2,48.0,10,0,0.0,0,0,4,2245,1,9205,0,1,1,1,3,1,14,1087.21
1,1.0,2,2,20.0,456,0,16,7393,10,33181,0,1,1,4,1,3,39,2430.84
0,0.0,0,4,90.0,955,1,15,7867,8,33898,1,0,0,0,5,0,33,3985.2
3,40.0,14,1,16.0,131,0,13,5664,4,29157,0,0,0,0,3,3,27,2362.86
2,72.0,18,3,24.0,703,0,5,1968,0,0,0,1,1,6,2,1,21,1749.79
8,194.0,48,1,16.0,375,1,18,10570,1,5252,1,1,0,0,1,3,34,3491.87
3,12.5,8,4,43.0,1100,0,15,7913,0,0,1,1,1,4,1,2,32,2742.71
3,80.0,14,5,30.0,1467,1,9,5233,2,17861,0,0,1,0,0,2,22,2807.05
0,0.0,0,4,44.0,901,1,16,7979,8,49615,0,0,1,2,5,1,37,3702.36
9,142.5,44,3,112.0,1042,1,0,0,9,54183,0,1,1,4,3,2,32,4481.91
8,211.0,34,2,40.0,692,1,13,5994,9,43472,0,1,0,0,3,3,39,4642.32
7,136.5,34,2,16.0,317,1,12,6476,7,34031,0,1,1,5,3,0,38,3545.25
3,33.0,8,4,114.0,1862,1,10,4690,6,33262,0,1,1,0,0,1,26,4534.06
4,56.0,18,1,32.0,213,0,4,2136,6,28254,1,0,1,5,4,1,27,2523.58
6,106.0,32,2,80.0,440,0,9,4905,0,0,0,1,0,0,0,2,20,3184.6
7,180.0,36,4,81.0,1732,0,17,8301,1,2291,0,0,0,0,0,0,29,3978.94
8,165.0,38,0,0.0,0,1,17,8098,10,51204,0,1,0,0,0,3,39,4112.87
5,120.0,20,2,64.0,485,0,8,4415,3,16638,1,0,0,0,1,0,20,3401.03
8,153.0,42,2,16.0,603,0,16,8111,2,12973,1,1,1,6,0,1,38,4448.76
2,80.0,10,2,64.0,167,0,15,8263,0,0,1,0,0,0,5,0,25,2471.1
8,116.0,26,5,80.0,783,1,13,7954,5,26819,0,0,1,2,0,3,37,5113.51
7,136.0,30,4,66.0,831,1,18,9382,10,53308,1,0,1,1,4,3,49,5411.47
6,92.0,24,4,66.0,708,1,9,5389,9,49120,1,0,1,4,1,1,36,4232.68
8,152.5,42,4,53.0,1407,0,6,2804,0,0,1,0,1,3,5,2,30,2633.58
8,65.0,24,4,120.0,1304,1,6,3394,6,35260,1,0,1,5,2,0,33,4727.6
3,24.5,8,4,57.0,1084,0,2,695,9,49750,1,1,0,0,1,0,21,2138.14
10,183.5,44,0,0.0,0,0,12,7172,9,47876,0,0,0,0,2,2,35,4271.41
6,129.0,36,3,70.0,681,0,12,6007,7,39363,1,1,1,0,4,3,38,4529.09
4,44.0,14,5,112.0,1232,1,4,2243,0,0,0,0,0,0,5,3,21,3494.45
3,24.0,6,1,16.0,44,0,4,2895,7,24001,0,1,1,0,0,0,17,1249.76
2,32.0,6,1,32.0,152,1,17,7929,7,30482,1,1,0,0,2,2,33,3301.21
7,140.5,32,3,128.0,877,1,12,5549,2,6803,1,1,0,0,2,3,31,5158.29
2,18.0,10,0,0.0,0,0,20,9983,1,2584,0,0,1,2,1,1,28,2387.07
4,37.0,14,0,0.0,0,0,8,4817,6,28027,0,0,0,0,5,3,26,1851.93
9,308.0,62,4,57.0,1574,1,17,8446,3,22413,0,1,0,0,1,0,35,6589.17
10,140.0,42,3,20.0,743,0,9,5514,6,22381,1,0,1,0,1,2,33,2683.83
3,128.0,24,4,25.0,836,0,2,1244,2,10172,0,0,1,1,2,3,18,1744.94
8,92.0,24,3,100.0,959,1,4,1191,5,8622,1,0,0,0,2,2,25,3694.49
0,0.0,0,3,72.0,735,0,12,6719,10,40269,0,1,0,0,0,1,27,3329.81
4,84.0,14,0,0.0,0,1,0,0,8,31317,0,0,1,6,4,3,26,1331.5
7,145.0,44,3,72.0,669,1,12,5906,4,19481,0,0,0,0,2,3,31,5569.95
9,109.0,26,1,2.0,342,0,0,0,5,18787,0,1,1,5,0,0,22,1253.02
9,204.5,44,5,152.0,1527,0,13,5894,3,19502,0,0,1,0,0,1,32,5278.34
3,24.5,8,0,0.0,0,1,17,9095,1,6060,0,0,0,0,2,2,25,2591.92
7,145.5,36,3,74.0,645,1,4,2216,5,18543,0,1,0,0,4,0,24,3476.95
9,241.0,66,5,58.0,1578,0,20,7421,9,56510,0,1,1,3,3,0,51,5551.3
1,16.0,4,4,51.0,1129,0,16,8750,6,26551,0,1,0,0,4,1,33,3018.08
9,228.0,52,4,116.0,1031,0,15,7568,2,9458,0,0,0,0,1,2,33,5194.41
1,32.0,8,3,72.0,1359,1,17,9147,7,32339,1,1,1,0,0,1,32,4779.68
5,122.0,28,1,64.0,408,1,6,3429,8,51867,0,1,0,0,2,1,24,3691.73
1,4.0,2,1,16.0,315,0,18,11801,10,57968,1,1,0,0,0,0,32,4425.49
9,139.5,30,0,0.0,0,0,15,8731,6,31001,0,1,1,0,0,1,33,3259.47
3,52.0,12,4,82.0,1219,1,5,1870,10,52997,0,0,1,0,1,1,25,3930.34
8,97.0,34,5,87.0,1449,1,16,7339,0,0,0,1,0,0,1,1,32,4271.34
9,288.0,62,5,172.0,1541,0,5,1679,1,7845,0,0,1,6,2,2,31,4672.74
1,16.0,4,3,42.0,765,0,5,2789,9,48786,1,0,0,0,4,2,25,3212.45
7,113.0,30,1,16.0,192,1,3,1718,10,45833,0,0,0,0,3,1,25,2724.55
3,104.0,18,4,36.0,1332,1,19,10049,2,6536,1,0,1,2,2,0,34,3594.41
0,0.0,0,4,112.0,872,1,2,435,5,17653,0,1,1,6,0,3,22,2936.43
10,205.0,54,3,14.0,1428,1,14,7274,10,42753,1,1,0,0,2,0,41,5679.96
6,40.0,16,1,8.0,347,0,2,481,1,193,1,1,1,0,4,2,19,904.69
0,0.0,0,2,48.0,280,0,7,2844,10,40280,1,0,0,0,4,3,27,2270.6
8,130.0,40,5,78.0,1274,1,1,268,7,18891,1,0,1,0,1,0,24,3374.94
4,72.0,20,0,0.0,0,1,13,6331,6,25888,1,1,0,0,1,2,28,2941.51
4,64.5,22,5,40.0,1644,0,9,3885,10,29978,1,1,1,1,0,2,34,2269.37
6,92.5,22,2,17.0,495,1,7,2877,7,21118,1,0,0,0,2,1,26,2612.78
10,142.5,40,3,38.0,412,0,5,2691,10,36041,0,0,1,4,0,0,33,2948.09
1,1.0,2,1,4.0,364,0,15,7225,0,0,0,1,0,0,0,1,19,1378.69
10,142.5,44,1,8.0,76,0,7,3596,1,1270,1,0,1,1,4,1,27,1963.69
5,90.0,22,3,136.0,975,1,20,8585,0,0,0,0,0,0,3,3,34,5271.87
5,114.0,24,3,24.0,667,1,2,286,9,57615,1,0,0,0,5,0,25,3374.83
10,113.5,38,5,42.0,1613,1,16,8048,6,42098,0,1,0,0,3,3,44,5175.28
3,6.0,6,3,7.0,569,1,11,6073,2,16056,0,0,0,0,5,2,26,2206.87
5,29.0,12,0,0.0,0,0,4,2518,6,29652,0,0,1,0,5,2,23,1719.83
1,0.5,2,2,9.0,893,1,20,9788,0,0,1,1,0,0,0,0,25,2699.87
8,234.5,54,4,88.0,1144,1,14,8460,9,58360,0,0,0,0,4,2,41,7432.94
1,4.0,2,0,0.0,0,0,17,6152,1,1079,1,1,1,1,4,2,29,1956.36
8,117.5,32,3,32.0,980,1,5,2317,5,31965,1,0,0,0,1,0,23,2791.01
10,206.5,48,4,68.0,905,1,0,0,3,21055,0,0,1,5,2,3,28,3583.58
7,35.0,16,2,33.0,401,0,17,8986,9,39056,0,1,0,0,0,2,38,3778.68
3,34.5,12,5,115.0,855,0,3,1866,1,2266,1,0,0,0,3,3,19,2022.78
7,170.0,38,1,4.0,499,0,15,4797,2,7947,1,1,1,6,4,2,40,3314.35
3,73.0,12,4,32.0,1209,0,17,7826,4,22065,1,0,0,0,1,2,32,3868.94
5,156.0,36,0,0.0,0,1,2,1383,10,52193,0,1,0,0,4,1,23,2548.15
4,84.0,20,5,64.0,1382,1,1,227,5,29455,1,0,0,0,2,2,20,3484.38
10,298.0,76,2,12.0,239,0,19,9905,8,44561,0,1,0,0,3,3,46,5008.4
7,74.0,24,0,0.0,0,1,18,8746,4,22951,1,1,0,0,0,3,34,3150.42
1,4.0,2,0,0.0,0,1,9,4893,9,48669,0,1,1,0,3,2,26,1900.86
8,180.0,40,5,86.0,1454,0,17,8299,1,823,0,1,0,0,0,3,35,4512.49
10,224.0,48,1,64.0,220,0,0,0,6,25818,1,0,1,6,4,0,29,2932.97
10,321.5,64,5,177.0,1081,0,14,7624,3,23794,1,0,0,0,5,3,41,6107.4
1,1.0,2,0,0.0,0,0,20,9572,10,35826,1,1,1,1,3,3,41,3266.45
4,92.0,16,5,64.0,1291,1,0,0,3,8396,0,1,0,0,2,2,17,2989.92
9,115.5,32,5,91.0,1140,1,19,10086,7,30105,0,0,1,0,5,3,49,5902.19
7,196.0,40,5,101.0,1442,0,16,9777,9,51483,1,1,0,0,5,3,47,6533.82
6,144.0,42,1,8.0,175,1,9,3901,0,0,1,0,0,0,4,0,21,2201.1
3,48.5,12,2,24.0,804,1,8,4431,4,13125,1,1,1,1,5,2,28,2832.92
9,165.0,46,3,112.0,428,0,9,5885,7,30390,1,0,0,0,4,0,33,5021.82
5,90.0,22,1,32.0,257,1,11,6206,6,28583,1,0,0,0,4,0,28,3485.28
3,40.5,12,1,8.0,191,0,11,5566,9,45614,1,1,1,2,0,1,30,2172.6
2,48.0,10,1,32.0,257,1,20,10369,0,0,1,1,0,0,2,2,29,4455.27
0,0.0,0,0,0.0,0,1,13,7612,4,16999,1,1,1,1,3,3,27,2263.3
0,0.0,0,3,48.0,841,1,14,6466,10,33657,1,1,0,0,2,3,34,3193.29
1,32.0,4,3,20.0,793,0,3,610,2,16244,0,1,0,0,2,1,13,893.84
0,0.0,0,1,32.0,444,1,12,7571,10,55031,0,1,0,0,0,2,26,3342.84
8,127.5,32,4,45.0,741,1,0,0,1,1605,0,1,0,0,1,3,18,2146.51
7,174.0,30,3,7.0,434,0,15,7556,0,0,0,0,0,0,2,3,30,3546.75
6,124.0,22,1,4.0,382,0,7,2046,1,3905,1,0,1,5,5,2,29,2171.67
1,64.0,16,3,10.0,739,0,6,2629,1,9225,0,1,0,0,0,0,12,1957.55
9,134.5,46,0,0.0,0,1,8,3772,1,2235,0,0,0,0,2,0,20,1849.56
8,140.5,40,2,48.0,106,1,14,6362,1,8498,0,1,1,1,4,2,34,4396.77
10,144.0,40,4,71.0,1043,1,6,3691,6,36438,1,0,1,3,0,2,33,4118.55
1,16.0,4,4,70.0,825,0,6,2481,10,72335,0,1,0,0,1,2,25,2493.89
1,32.0,8,3,22.0,846,0,9,3664,4,16745,1,1,1,4,2,0,26,1461.31
9,175.0,54,3,41.0,941,1,8,3595,7,22333,0,0,1,3,4,3,38,4455.25
1,16.0,4,2,9.0,381,0,1,767,8,23458,0,0,0,0,1,0,13,937.06
10,188.5,42,4,88.0,1208,1,16,5191,4,21896,0,0,0,0,4,1,39,5581.75
4,38.5,14,0,0.0,0,1,20,10108,9,39457,0,0,0,0,1,0,34,2547.82
1,4.0,2,3,88.0,431,0,0,0,0,0,1,1,1,2,4,1,14,1176.67
5,52.5,18,1,8.0,148,1,18,10632,5,29118,0,0,0,0,1,2,32,3353.21
4,144.0,28,1,32.0,419,1,5,2474,5,22903,0,1,1,3,2,1,23,3074.84
8,69.0,26,5,68.0,1164,1,14,7660,8,52635,0,1,1,5,2,0,44,4790.74
10,170.0,42,2,24.0,375,1,16,8813,6,15736,0,1,0,0,1,0,36,4316.58
5,152.0,32,5,162.0,769,1,2,101,5,39949,1,0,0,0,5,0,23,5569.74
9,141.5,36,0,0.0,0,1,15,6455,1,9764,1,1,1,4,3,0,35,2096.82
1,2.0,2,5,96.0,942,0,17,8053,2,14433,1,0,1,3,5,1,36,4288.97
0,0.0,0,2,96.0,443,0,12,5801,10,53490,1,0,0,0,4,0,29,3649.89
5,80.0,16,0,0.0,0,0,16,7855,5,24803,1,1,0,0,3,2,33,3456.61
3,24.5,8,4,50.0,848,0,11,3709,8,44977,1,1,1,6,5,2,42,3519.27
5,61.0,12,0,0.0,0,0,2,1214,6,30601,0,1,1,0,1,2,18,1379.58
9,186.5,40,2,80.0,355,0,9,3978,4,17234,0,0,0,0,2,3,29,3067.11
4,49.5,20,1,2.0,284,0,16,8626,4,17076,0,0,1,1,0,3,30,3494.69
8,161.5,34,5,112.0,1470,1,20,12389,0,0,1,0,1,0,1,0,36,5947.64
10,193.0,40,0,0.0,0,0,11,5255,6,28015,1,1,0,0,0,3,32,3049.08
5,160.0,36,0,0.0,0,0,9,4173,6,37749,1,0,0,0,4,2,27,3057.92
5,53.0,16,3,33.0,1290,0,16,9231,2,18586,0,1,0,0,2,2,31,2778.93
10,259.5,64,3,96.0,367,1,9,6270,6,27601,1,0,1,2,4,1,37,6026.18
9,170.5,46,2,24.0,185,0,4,2004,0,0,1,0,0,0,5,2,23,2324.32
7,135.0,38,5,66.0,1640,1,11,6276,9,50953,1,0,0,0,3,3,39,5775.86
9,189.5,54,5,21.0,1708,0,5,2179,10,56395,0,1,0,0,0,3,33,4186.04
4,57.0,16,4,104.0,1173,1,1,249,5,20306,0,0,1,4,1,2,22,3706.23
10,238.5,58,5,97.0,1199,1,15,7148,6,34954,1,0,0,0,5,2,44,6847.01
5,56.5,18,5,33.0,1685,1,14,5365,3,7334,1,1,1,0,0,2,32,3136.0
9,200.0,48,3,16.0,1194,1,14,6697,2,672,0,0,0,0,4,0,32,4064.25
5,26.5,14,4,42.0,810,1,19,8389,6,39070,0,0,0,0,4,1,39,4492.62
5,73.0,22,4,113.0,1001,1,8,3545,4,26069,0,0,0,0,2,2,25,4108.3
5,160.0,36,0,0.0,0,1,6,3760,2,12427,1,0,0,0,2,3,19,2487.53
8,161.5,46,4,84.0,595,0,7,3589,0,0,1,0,1,2,3,0,26,3058.78
8,125.0,34,0,0.0,0,1,9,4810,9,49864,0,1,0,0,4,3,34,2776.91
9,138.5,36,0,0.0,0,0,19,10036,10,43038,1,1,0,0,4,0,44,4254.41
3,33.0,6,5,73.0,1579,0,3,1577,3,14026,0,1,1,0,0,0,16,1954.67
3,48.0,16,3,42.0,476,0,11,5280,4,11896,0,1,0,0,1,2,25,2551.5
8,85.5,28,3,84.0,1159,1,1,607,4,19201,1,0,1,4,2,0,24,2935.17
3,40.0,10,5,36.0,1653,0,12,5670,4,15673,0,0,0,0,3,3,30,2744.64
9,200.0,44,5,64.0,1422,1,3,2426,2,9986,1,1,0,0,1,3,25,4688.76
1,16.0,4,0,0.0,0,1,8,4164,2,4069,0,0,1,5,5,2,24,1084.88
9,133.5,32,1,32.0,320,0,6,3743,0,0,1,1,1,3,5,2,29,3156.06
3,13.0,6,3,56.0,887,0,19,9250,9,48152,0,0,0,0,3,3,40,3912.14
3,112.0,28,0,0.0,0,0,8,3148,10,46966,0,1,1,4,2,0,29,2124.4
1,8.0,2,3,74.0,709,1,17,10025,7,25514,0,1,0,0,5,2,36,4314.54
2,68.0,10,2,12.0,540,0,11,4732,3,26259,0,1,0,0,1,2,22,2206.05
2,40.0,12,4,120.0,613,0,1,382,3,14805,0,1,1,2,4,3,21,2193.85
1,8.0,2,1,32.0,416,0,0,0,8,24533,0,0,1,3,1,2,17,797.94
4,60.0,16,0,0.0,0,1,9,4337,0,0,1,0,1,3,0,0,18,1591.64
3,44.0,10,3,88.0,522,0,5,3300,7,30423,0,0,1,5,3,1,28,2353.67
1,8.0,2,1,32.0,381,0,15,7564,1,7681,0,0,1,2,2,0,23,2507.03
2,40.0,12,1,4.0,389,1,8,3819,3,13547,1,0,0,0,2,0,17,2456.1
0,0.0,0,3,56.0,1158,1,13,6877,2,9937,0,0,0,0,0,0,18,2711.32
2,40.0,10,5,57.0,1244,0,10,4207,1,7525,0,0,0,0,3,0,21,2215.04
10,70.0,28,2,32.0,242,0,19,9877,1,2371,0,1,0,0,1,0,34,3073.98
6,104.5,24,3,12.0,381,0,7,3566,7,30676,0,1,0,0,4,0,28,2670.97
10,190.0,54,1,32.0,264,0,8,4259,6,27117,0,1,0,0,0,3,29,3628.69
0,0.0,0,4,56.0,1117,0,2,415,6,35204,1,0,0,0,2,3,18,1624.66
6,94.5,24,4,15.0,1344,1,13,4696,1,2865,0,0,0,0,2,0,26,2298.82
6,63.0,18,0,0.0,0,1,9,4768,9,27503,0,1,1,1,0,0,27,1890.12
0,0.0,0,3,112.0,849,1,1,637,9,47975,1,0,1,0,5,1,21,3468.86
8,132.0,38,2,5.0,686,0,8,3703,5,27837,1,1,1,3,5,1,35,2995.38
8,156.0,46,5,68.0,1403,0,11,5826,0,0,1,1,0,0,2,2,30,4007.49
0,0.0,0,5,58.0,1630,0,19,8433,3,16206,0,0,1,3,3,2,36,2695.52
9,193.0,52,2,40.0,416,0,4,2730,5,28931,0,0,1,4,1,3,29,3157.3
4,89.0,28,5,78.0,1423,1,4,1876,5,9797,1,1,0,0,0,3,23,3861.16
1,16.0,4,0,0.0,0,0,18,7178,2,6595,1,1,1,2,5,1,32,2676.5
10,290.0,70,4,65.0,1349,1,4,2218,3,12529,0,1,1,6,0,1,30,4654.08
1,16.0,4,2,3.0,409,0,3,1626,8,64220,1,0,1,6,4,3,29,1991.65
0,0.0,0,3,56.0,664,0,8,3886,3,16607,0,1,0,0,4,0,19,1770.18
9,172.0,44,0,0.0,0,0,7,3027,1,3813,1,0,0,0,0,2,20,2447.42
2,64.5,18,4,34.0,1261,0,7,2404,9,61986,0,1,0,0,2,3,28,3106.32
3,88.0,24,4,84.0,1009,0,3,646,1,416,1,1,0,0,1,0,14,2221.03
7,180.5,42,3,20.0,1070,1,5,2806,7,39693,1,0,1,5,2,0,31,3190.6
1,2.0,2,3,112.0,1139,1,0,0,8,35992,1,1,1,6,3,3,27,3109.88
3,36.0,12,5,43.0,1074,0,15,7544,4,22485,0,1,1,3,1,1,34,3155.18
8,200.5,44,3,40.0,963,1,5,1664,4,25792,1,0,0,0,2,1,24,3938.57
5,97.0,32,1,64.0,306,1,10,4963,1,1213,0,1,1,3,4,2,28,3229.69
5,50.0,12,4,35.0,920,0,4,1447,5,18976,1,0,0,0,2,2,23,2263.31
10,210.0,58,5,69.0,1476,1,13,7106,3,11809,1,0,1,6,1,3,43,5335.98
6,153.0,28,3,14.0,782,1,7,3760,3,23431,1,0,1,1,0,0,22,2825.01
10,202.0,50,3,36.0,996,0,5,2609,3,13406,1,0,1,5,0,0,28,3007.72
2,36.0,6,1,4.0,327,1,0,0,9,60000,0,0,1,3,0,1,17,1517.46
7,176.0,32,2,16.0,500,0,10,5434,5,28506,1,1,0,0,4,0,30,3134.66
9,142.0,34,3,14.0,210,0,6,3076,8,47198,0,1,0,0,2,2,31,2940.78
6,160.5,34,1,1.0,296,0,4,1905,5,19238,1,1,1,5,1,0,25,2113.63
5,120.0,24,0,0.0,0,0,15,6634,5,20173,1,0,0,0,4,0,30,3162.65
3,70.0,20,3,72.0,673,1,16,7307,0,0,1,1,1,2,3,2,32,4203.13
2,10.0,6,4,116.0,1178,1,0,0,10,67989,0,0,1,5,5,1,28,4159.1
10,154.0,44,4,53.0,816,1,3,1205,9,52176,1,1,1,0,3,1,33,3975.81
9,196.5,34,5,129.0,948,0,7,3896,7,30624,1,0,0,0,0,3,32,3971.82
7,46.5,18,1,1.0,222,0,12,6573,0,0,0,1,1,1,0,2,25,1688.88
5,90.0,28,2,9.0,384,1,2,1046,8,53944,1,1,0,0,2,1,22,2530.91
10,173.0,46,4,40.0,1165,1,15,7199,5,26708,1,1,0,0,2,3,41,4537.69
0,0.0,0,3,10.0,1028,1,8,3028,0,0,1,1,1,0,3,0,17,2031.86
7,94.5,30,3,98.0,937,0,16,7572,1,7021,1,1,0,0,1,3,33,5034.12
4,60.0,20,0,0.0,0,1,12,6897,8,28291,1,0,0,0,0,3,28,2583.21
3,129.0,18,0,0.0,0,0,16,10512,9,36628,0,1,1,6,5,3,44,3234.49
2,64.5,10,1,8.0,129,0,6,3010,4,24217,0,1,1,0,0,0,15,1499.17
7,66.5,22,3,66.0,798,1,15,8931,7,38104,1,0,0,0,0,0,33,3865.3
10,173.5,52,3,18.0,512,1,16,8697,1,138,0,1,1,4,5,3,44,3446.67
2,72.0,18,1,8.0,89,0,17,7076,4,31327,0,1,0,0,4,1,30,3416.07
10,187.0,48,5,58.0,900,0,12,5403,10,38230,0,0,0,0,5,3,45,5555.81
0,0.0,0,3,32.0,901,1,14,4487,10,45740,0,0,0,0,5,1,33,3529.88
4,48.0,10,4,43.0,713,0,4,2508,3,12926,0,0,0,0,0,1,16,1780.16
4,42.0,12,4,160.0,904,1,8,4060,1,5637,0,0,1,1,5,3,27,4471.94
6,136.0,32,2,80.0,549,1,11,6647,0,0,1,0,0,0,3,3,26,3491.16
7,109.0,30,2,80.0,607,0,4,1842,1,377,0,1,1,1,0,2,19,2346.52
9,210.0,58,3,32.0,560,0,7,3684,9,50659,0,0,1,1,5,3,38,3911.81
0,0.0,0,5,59.0,1106,1,4,1423,10,41771,1,1,1,0,2,2,26,3005.4
3,3.0,6,0,0.0,0,0,3,2417,8,42283,1,0,1,3,4,0,23,1363.42
7,98.0,20,0,0.0,0,0,5,1845,6,50318,1,0,0,0,2,3,24,2257.16
4,114.0,30,4,97.0,1181,0,8,3994,0,0,0,1,0,0,1,2,20,3030.7
7,170.5,44,5,88.0,1723,0,14,8338,10,49460,1,0,1,6,4,1,49,5354.41
2,80.0,20,2,96.0,491,1,3,1515,2,5063,0,0,1,1,1,1,13,2625.2
2,32.0,10,5,45.0,1749,1,18,8244,1,5583,0,0,1,0,0,0,27,3823.12
9,65.5,20,4,67.0,1080,1,13,6450,5,21648,1,1,1,3,2,3,42,4064.64
6,140.0,30,0,0.0,0,0,20,8108,8,38156,1,0,0,0,4,2,41,4012.33
1,32.0,8,0,0.0,0,0,20,12322,4,22512,1,1,0,0,1,2,30,4359.41
8,73.0,28,1,32.0,61,1,0,0,4,19154,0,0,0,0,0,3,16,2025.28
0,0.0,0,3,96.0,1278,1,10,3404,0,0,1,0,0,0,4,2,20,2944.17
9,192.0,48,0,0.0,0,0,18,9159,1,7129,1,1,1,1,4,0,36,3938.59
4,81.0,18,2,65.0,493,1,9,5150,7,33276,1,1,1,5,3,3,36,3961.54
9,202.0,54,2,40.0,435,1,13,5270,10,51830,1,1,1,1,5,3,46,5126.09
0,0.0,0,0,0.0,0,0,17,5832,4,21546,0,0,1,5,3,2,32,2191.87
2,3.0,4,2,16.0,320,1,7,3067,6,23800,1,1,0,0,3,3,25,1980.22
4,83.0,14,1,32.0,261,1,18,8498,7,39523,1,1,0,0,5,2,39,4131.46
2,40.0,10,2,48.0,418,1,17,9907,3,13142,0,1,1,3,5,0,34,3828.55
5,100.0,30,4,38.0,919,1,10,5551,0,0,1,1,0,0,1,1,23,3473.06
10,188.0,42,2,64.0,621,1,19,8811,8,63296,0,0,0,0,1,0,40,6376.72
2,24.0,6,5,92.0,1976,1,6,3100,4,26210,1,0,1,2,2,3,26,4750.74
9,93.0,28,1,16.0,443,1,10,4562,9,45717,0,1,0,0,4,1,35,3440.95
10,186.0,48,1,32.0,63,1,6,2407,2,2520,0,0,1,5,4,0,29,2837.23
1,16.0,4,2,16.0,779,1,16,6959,10,55370,1,1,0,0,2,0,33,3327.16
6,118.0,38,0,0.0,0,1,5,2435,2,6109,1,0,1,6,2,3,26,2126.95
5,32.5,16,1,32.0,164,0,10,4864,10,54503,0,1,0,0,4,0,31,2844.52
0,0.0,0,2,10.0,687,0,19,10311,8,40913,1,0,1,6,2,0,39,2887.17
5,89.5,18,4,30.0,754,0,3,1154,3,16100,1,0,1,6,3,1,27,2071.21
7,120.0,26,0,0.0,0,1,17,7920,9,45353,1,1,0,0,1,0,36,3673.97
3,25.0,12,5,162.0,1296,0,0,0,3,11738,0,0,1,2,5,1,20,2324.46
10,156.0,34,0,0.0,0,1,18,10202,2,11505,1,0,1,1,3,2,38,4144.16
3,84.0,22,1,2.0,453,1,19,10251,2,3185,1,0,1,3,5,1,36,3941.04
5,45.0,16,0,0.0,0,0,16,8170,10,43008,0,0,0,0,1,0,32,2473.03
3,13.0,6,3,64.0,836,1,11,8205,0,0,0,1,1,4,3,1,27,2727.87
2,24.0,8,0,0.0,0,0,11,4784,4,8204,1,1,1,1,5,2,28,2365.67
3,96.0,18,3,38.0,856,0,5,2273,7,44307,1,1,0,0,0,1,21,2780.44
5,68.0,20,4,53.0,1046,0,6,2770,7,29601,0,1,1,3,3,1,31,2698.18
5,74.0,20,4,52.0,1415,1,9,5238,5,19615,0,0,0,0,1,1,25,3221.0
3,16.0,8,0,0.0,0,1,5,2984,3,24375,1,0,1,2,3,3,21,1442.94
9,55.0,22,1,16.0,196,0,16,7731,1,746,0,0,0,0,1,2,30,2253.03
0,0.0,0,3,72.0,935,0,5,2497,7,40977,0,0,0,0,3,0,18,2024.8
0,0.0,0,3,35.0,1431,0,0,0,8,37582,1,0,0,0,5,2,19,1609.29
8,190.0,42,3,112.0,694,1,20,9807,3,10739,0,1,0,0,2,3,40,6352.49
6,68.0,18,1,8.0,144,0,18,7611,7,23155,1,1,1,1,0,0,36,3063.62
10,132.0,34,3,72.0,587,0,8,5689,2,2027,1,1,0,0,5,0,30,3493.51
0,0.0,0,4,34.0,1079,1,8,3471,4,29373,1,1,0,0,1,1,20,2914.57
3,28.0,12,4,58.0,732,0,14,6253,0,0,0,0,1,2,1,0,25,2399.41
10,273.0,68,2,80.0,292,0,15,6115,5,26055,1,0,0,0,1,3,37,4924.62
4,80.0,16,0,0.0,0,0,19,8148,10,48673,1,0,0,0,5,3,42,3930.24
0,0.0,0,3,84.0,618,0,2,1528,5,28802,0,1,1,5,4,1,22,1580.95
10,106.0,42,0,0.0,0,1,9,2723,6,34514,0,1,1,4,4,0,35,3359.76
9,203.0,48,3,67.0,853,1,9,3423,5,21327,0,0,0,0,0,3,29,3738.39
0,0.0,0,5,136.0,1432,0,4,2249,1,4280,1,1,0,0,1,0,13,2007.42
5,50.0,16,3,26.0,634,1,14,7306,6,32468,0,1,1,5,1,3,39,2940.0
1,32.0,8,5,121.0,1106,1,7,1947,2,1653,0,1,1,3,2,1,23,3365.41
3,88.0,24,1,16.0,62,0,20,8944,7,38132,0,1,0,0,2,0,34,4532.59
6,109.0,36,0,0.0,0,0,4,2198,7,43344,1,0,0,0,2,3,23,2997.88
7,152.0,26,3,34.0,1120,1,4,2837,5,34509,0,1,1,5,0,0,26,2783.55
2,20.0,10,0,0.0,0,0,8,4426,2,11403,0,0,1,4,2,2,21,1886.29
7,196.0,50,1,8.0,239,0,10,3500,7,35851,0,1,1,1,2,2,32,3324.91
2,24.0,10,5,69.0,1000,0,16,6767,3,8755,0,0,0,0,0,2,28,2872.26
3,56.0,18,5,33.0,1180,1,4,2571,10,47640,1,0,1,1,3,3,31,2735.46
4,120.0,30,3,36.0,593,1,15,7466,3,19310,1,0,1,4,4,1,36,4141.74
0,0.0,0,2,48.0,791,1,7,3015,5,30811,0,1,0,0,2,1,18,2453.05
9,151.0,36,3,25.0,1055,1,15,7972,10,49435,0,0,1,0,2,3,43,4276.11
4,112.0,28,0,0.0,0,0,10,4270,5,27797,0,1,0,0,3,3,26,2703.06
4,132.0,28,0,0.0,0,0,16,9042,1,4457,0,1,1,1,4,2,30,2351.44
10,159.0,38,1,16.0,94,0,9,5869,1,5730,1,1,1,3,1,0,28,2163.97
10,94.0,38,4,85.0,1561,0,5,2106,4,30387,0,1,0,0,4,3,31,3180.21
1,0.5,2,5,86.0,855,1,18,10532,2,11889,0,0,0,0,0,0,26,5050.03
10,228.5,52,1,2.0,150,1,19,9742,9,43424,0,0,0,0,3,2,44,4924.2
7,146.0,36,3,67.0,968,0,8,4267,7,35286,0,1,1,2,5,1,35,3473.4
8,86.0,32,3,19.0,897,0,2,897,2,6283,1,1,0,0,0,3,20,1501.38
5,56.5,14,0,0.0,0,1,18,7140,1,6311,0,1,1,3,0,1,30,1960.84
2,80.0,18,4,46.0,886,0,11,5395,0,0,0,0,0,0,0,3,20,2388.23
8,56.0,24,2,40.0,809,0,2,1244,6,42876,0,1,0,0,2,0,21,2339.87
10,184.0,42,0,0.0,0,0,10,4854,6,35724,0,1,0,0,1,3,31,3484.1
4,84.0,18,4,80.0,1619,1,15,6087,0,0,0,1,1,1,3,1,30,4385.57
8,201.0,42,5,110.0,1506,1,10,6659,1,1162,1,1,0,0,2,2,30,5062.71
3,104.0,20,2,48.0,417,1,20,7803,0,0,1,0,0,0,4,1,31,3482.39
1,16.0,2,4,65.0,1075,1,18,8175,8,30053,1,0,0,0,5,0,37,4561.57
4,72.5,20,2,3.0,958,0,4,2248,7,33677,1,1,0,0,3,2,24,1908.01
0,0.0,0,0,0.0,0,0,13,5518,6,34841,1,0,0,0,5,3,28,2743.12
9,145.5,40,3,7.0,616,1,13,7693,5,11306,1,0,1,1,0,0,33,3431.24
10,244.0,56,2,12.0,671,1,2,912,5,28264,1,1,0,0,4,3,28,3343.44
8,188.0,40,0,0.0,0,1,0,0,4,23235,1,0,0,0,3,1,17,1981.98
2,10.0,4,1,8.0,320,1,7,3172,1,1402,1,0,1,1,3,1,18,1125.44
1,8.0,4,5,86.0,1163,1,15,8042,3,13705,1,1,1,6,4,3,40,4502.58
4,96.0,18,1,8.0,469,0,16,8645,10,45303,1,0,1,5,5,2,45,3379.99
4,104.0,24,4,133.0,702,1,9,6362,2,2119,0,0,0,0,5,0,24,5041.22
4,34.5,16,0,0.0,0,0,9,3741,3,11017,1,1,1,3,1,3,26,1202.19
0,0.0,0,0,0.0,0,0,8,2995,6,35453,0,1,0,0,0,2,17,1390.88
1,16.0,8,0,0.0,0,0,14,8986,0,0,1,0,1,4,0,1,22,2535.36
7,218.0,44,2,66.0,387,1,11,7273,5,33504,0,1,1,5,5,0,37,4433.16
1,16.0,4,0,0.0,0,1,7,4268,10,48658,0,0,0,0,3,0,21,2168.83
1,32.0,4,4,20.0,818,1,12,6649,7,56076,0,0,1,3,4,3,35,3569.77
9,102.0,30,4,82.0,1137,0,3,900,3,15369,1,1,0,0,4,1,26,2749.58
6,114.0,30,2,9.0,602,1,13,7240,0,0,1,1,0,0,3,3,29,3086.6
1,2.0,2,4,82.0,1115,0,4,1036,5,27453,0,1,1,4,3,0,23,2255.99
0,0.0,0,2,5.0,533,0,1,705,3,14733,0,0,0,0,5,2,13,798.6
5,168.0,38,5,44.0,1404,1,19,8864,8,55272,0,0,1,3,1,1,43,5203.7
9,234.0,50,1,32.0,297,1,13,7552,4,31727,0,0,0,0,3,0,30,4024.94
9,258.5,68,4,28.0,828,0,17,8940,3,17950,1,0,0,0,5,2,41,4803.48
2,34.0,10,2,65.0,634,1,19,10271,10,65446,1,0,1,0,2,0,37,5078.53
1,8.0,4,2,10.0,562,0,2,1239,7,28253,1,0,1,6,1,1,22,1320.51
7,58.0,22,3,104.0,1348,0,6,1937,7,29745,0,0,1,4,4,0,32,2610.17
1,32.0,8,3,49.0,1070,0,6,3136,2,11357,0,0,1,6,4,0,23,2194.91
4,88.0,18,4,104.0,958,0,2,1320,9,38764,0,0,1,0,2,1,23,3060.06
3,41.0,8,0,0.0,0,1,14,7240,10,51136,1,1,0,0,0,0,29,2873.66
9,138.0,30,3,88.0,976,0,9,4587,5,22975,0,1,0,0,5,3,35,3508.09
10,183.5,42,0,0.0,0,1,9,5029,5,34060,0,1,1,6,5,1,38,3170.02
5,96.0,20,3,97.0,350,1,2,810,3,9614,0,0,0,0,2,2,17,3378.98
7,187.0,50,3,40.0,1126,0,3,1223,5,31212,0,1,1,1,5,0,26,3299.38
1,4.0,2,3,64.0,583,1,4,1339,6,23144,1,0,0,0,1,1,17,2412.49
3,66.5,12,3,104.0,764,0,11,7153,6,19066,0,0,1,6,5,3,38,3239.3
4,88.0,22,3,42.0,1171,1,14,7677,10,48164,1,1,1,6,3,0,43,5416.31
9,162.5,40,1,1.0,499,0,16,9387,9,47335,0,0,1,4,0,3,43,4177.79
6,137.0,42,0,0.0,0,1,5,3058,9,56457,1,1,0,0,0,1,23,3675.74
1,16.0,8,3,5.0,965,1,13,8220,8,43726,0,0,0,0,0,1,26,3028.29
10,205.5,62,2,80.0,658,0,20,10841,7,32951,1,0,1,2,4,2,49,6601.01
10,155.0,44,1,1.0,120,0,19,7760,5,25284,0,0,0,0,3,2,40,2870.24
10,137.0,36,4,57.0,975,0,20,8673,0,0,0,0,1,3,5,1,44,3596.72
9,103.0,26,2,96.0,807,0,0,0,3,15121,0,1,0,0,4,0,19,1899.71
5,113.0,36,4,92.0,1151,0,15,7443,5,21104,1,1,0,0,5,3,39,4897.33
4,58.0,16,0,0.0,0,1,4,2735,9,30692,0,1,1,4,4,1,28,1878.81
0,0.0,0,5,176.0,1028,0,12,4210,9,27798,1,0,0,0,1,3,31,4739.4
10,225.0,52,2,32.0,811,0,3,1712,3,17576,1,0,0,0,0,3,22,3281.04
9,170.5,38,3,6.0,667,0,14,5269,7,42371,1,1,0,0,1,1,37,4409.58
0,0.0,0,3,112.0,775,1,1,194,0,0,0,0,0,0,4,2,10,2485.25
7,204.0,42,0,0.0,0,0,12,7130,6,33302,0,0,1,2,0,0,28,3679.59
1,16.0,4,3,26.0,193,1,10,4403,6,17433,1,1,0,0,0,1,23,2967.71
8,245.0,44,4,53.0,1383,1,19,8219,8,44281,0,1,1,5,1,2,49,5313.64
2,80.0,12,0,0.0,0,1,16,8594,1,9742,1,1,0,0,0,2,23,2682.8
7,94.5,28,0,0.0,0,1,17,7958,4,19615,1,0,0,0,5,1,35,3788.31
9,147.0,26,2,6.0,534,0,13,6058,5,24391,0,0,0,0,5,1,35,2358.37
3,64.5,14,3,13.0,886,1,17,8218,10,37312,1,0,0,0,2,1,37,3253.87
2,24.0,12,4,72.0,1459,0,6,2788,7,28736,1,1,0,0,0,1,22,2590.87
1,16.0,8,0,0.0,0,1,13,6698,7,38745,1,1,1,1,1,3,29,2237.69
4,96.0,24,4,104.0,970,0,6,2903,2,6950,0,0,0,0,0,0,16,2764.52
8,64.0,22,5,83.0,1187,1,15,7138,3,13872,1,1,1,1,3,3,41,4660.36
10,216.0,50,0,0.0,0,0,12,4955,4,20243,0,1,0,0,3,3,33,4094.56
9,188.0,48,0,0.0,0,0,8,4563,1,5855,0,1,1,5,3,0,28,2659.28
1,4.0,2,5,65.0,1234,1,12,6027,6,36005,0,1,0,0,3,1,29,4137.09
8,50.5,22,0,0.0,0,1,3,2293,8,46365,1,1,0,0,3,2,26,1809.73
5,87.0,24,4,73.0,1097,0,3,712,10,17940,0,1,0,0,3,0,26,2474.26
7,141.0,40,5,80.0,1493,0,1,516,4,17461,0,0,1,2,3,0,23,2843.06
5,47.0,16,4,22.0,1176,0,13,8682,8,45631,1,1,0,0,2,2,36,3358.41
2,24.0,6,3,66.0,984,0,5,2455,3,8429,1,0,1,4,1,3,23,1827.3
6,205.0,56,2,17.0,232,1,19,9444,6,30535,1,1,0,0,1,3,39,5139.8
9,328.0,62,3,33.0,729,1,18,7985,9,33410,0,1,1,6,1,0,48,5617.9
9,149.5,44,0,0.0,0,0,20,8838,0,0,1,1,1,6,1,0,39,3408.34
1,4.0,2,0,0.0,0,1,12,6891,10,54480,0,1,1,4,4,1,34,2873.06
5,105.0,30,0,0.0,0,1,19,9390,8,35772,0,1,1,2,2,1,39,3122.02
3,56.0,12,5,28.0,1014,1,13,8039,4,21743,0,1,0,0,5,2,33,2960.1
7,168.0,44,4,49.0,1168,1,3,2152,6,14355,0,1,1,5,3,3,33,3470.26
6,268.0,52,4,104.0,1138,0,12,6397,6,34554,0,1,1,3,3,3,39,5586.62
1,4.0,2,2,36.0,784,1,15,7816,3,21377,0,0,1,0,5,0,27,2813.14
2,1.0,4,4,66.0,586,0,12,7145,10,42457,1,0,0,0,4,0,33,3108.57
10,208.0,50,3,67.0,817,0,1,333,8,49440,0,1,1,2,3,3,32,3633.43
8,74.5,24,4,38.0,1504,1,2,185,1,9756,0,1,0,0,5,3,24,2391.19
3,64.0,14,0,0.0,0,0,5,3010,8,42224,0,0,0,0,0,3,19,1793.26
0,0.0,0,4,78.0,1112,1,18,12024,2,3462,0,0,0,0,1,0,25,3743.02
1,16.0,2,2,96.0,541,0,19,10922,7,35974,0,0,1,6,1,3,40,4447.46
9,163.0,36,0,0.0,0,0,2,1616,8,40592,1,1,0,0,0,0,21,2448.87
3,73.0,14,3,40.0,594,0,6,3643,2,4196,0,0,0,0,5,3,22,1946.28
8,189.0,52,0,0.0,0,0,3,2106,6,43094,1,1,0,0,5,1,25,3441.89
9,236.0,48,2,96.0,837,0,12,5480,1,5188,1,1,1,1,3,3,34,4469.29
9,216.0,56,3,81.0,818,0,19,9858,6,28599,1,1,1,4,3,2,49,4803.82
6,132.0,30,1,4.0,330,1,7,3891,7,25281,1,0,1,4,4,3,34,2586.63
3,130.0,26,0,0.0,0,1,11,5201,8,29429,1,0,1,1,3,0,28,2912.91
8,192.0,46,4,88.0,1363,1,9,4160,9,53572,1,0,1,6,5,2,45,6312.19
9,139.0,40,3,66.0,509,0,13,7491,1,9068,1,1,1,2,2,2,35,3453.09
0,0.0,0,1,16.0,221,1,5,2966,7,34670,0,0,0,0,4,0,17,1973.0
9,177.0,42,3,80.0,1131,1,1,569,6,30129,1,0,1,3,4,1,29,3923.67
6,192.0,38,2,9.0,702,0,11,6865,7,31317,1,1,0,0,2,3,33,3025.17
4,32.5,18,0,0.0,0,1,5,2949,10,61491,0,1,1,0,1,1,23,1909.62
0,0.0,0,3,68.0,614,0,7,3376,5,23761,1,1,0,0,1,1,19,2574.92
9,201.0,50,5,104.0,686,0,2,1019,10,45594,1,1,0,0,2,2,32,4590.69
9,102.5,32,1,16.0,287,0,3,1624,10,42035,0,0,0,0,3,0,26,2002.41
1,32.0,8,5,156.0,1731,1,13,7141,4,22872,0,1,0,0,5,3,32,5861.64
5,114.5,32,4,100.0,836,1,17,9291,9,32824,1,0,0,0,1,1,38,5812.58
9,145.5,36,1,64.0,119,1,15,7867,4,15353,0,1,1,4,4,0,39,4883.17
8,222.0,56,4,30.0,695,0,6,3462,6,19815,1,1,1,3,1,1,32,4229.03
3,40.0,16,2,40.0,309,0,5,3125,8,45202,1,1,1,6,3,0,30,2361.98
5,34.5,18,5,89.0,1080,1,2,614,8,43146,0,0,1,3,2,0,26,3450.37
0,0.0,0,1,32.0,214,0,20,10640,1,7027,1,0,0,0,4,0,27,2606.0
4,52.5,12,5,73.0,1207,0,15,9092,4,20446,0,0,1,1,3,1,34,3132.64
3,48.0,6,3,35.0,817,1,20,10278,5,16465,0,0,0,0,0,3,34,3830.21
5,28.5,12,5,100.0,1228,1,8,3206,2,10147,0,0,0,0,5,1,26,3506.79
3,72.0,18,0,0.0,0,1,9,4841,6,32365,1,0,1,2,1,0,23,2672.18
1,32.0,4,1,64.0,485,1,7,2715,5,28777,0,1,0,0,2,0,17,2688.53
3,28.0,12,1,2.0,393,1,17,6315,4,20235,1,0,1,2,1,1,31,1852.28
3,104.0,26,2,40.0,350,0,19,8860,2,4906,1,1,1,0,3,3,35,3980.58
6,145.0,42,2,18.0,363,0,10,5729,1,52,1,0,0,0,0,2,22,2762.47
2,96.0,16,1,4.0,140,1,15,8030,2,6601,1,1,1,5,0,1,29,2606.81
3,52.0,18,0,0.0,0,1,5,2954,6,43228,0,1,0,0,0,1,16,2339.07
9,147.0,42,1,16.0,481,0,2,1003,2,15646,0,0,0,0,1,3,18,2140.12
9,176.5,42,5,130.0,1592,1,4,3134,4,20183,1,0,1,1,4,3,32,5647.47
8,98.5,20,0,0.0,0,0,9,4644,3,17695,0,0,1,1,5,3,30,1449.38
8,78.0,30,5,15.0,775,1,9,4445,7,30012,1,0,1,6,2,0,39,2532.49
2,32.0,12,5,104.0,969,0,5,3177,6,20251,1,1,0,0,1,0,21,2409.35
4,148.0,30,2,16.0,885,0,7,2329,0,0,1,1,0,0,2,1,18,2530.38
2,10.0,4,5,104.0,1893,0,6,2768,2,12928,0,0,0,0,3,1,19,2285.94
8,175.0,40,4,52.0,1073,1,13,6464,5,25279,0,0,1,3,2,2,38,5169.75
8,130.5,32,4,96.0,1314,0,5,1574,5,19566,0,1,0,0,1,0,24,2533.04
7,54.0,24,4,132.0,460,0,13,6034,0,0,0,1,1,4,2,3,35,3380.9
1,4.0,2,0,0.0,0,1,2,714,6,23389,0,0,0,0,0,3,12,789.82
8,100.5,30,0,0.0,0,1,19,10592,2,4177,1,1,1,5,4,2,43,2670.15
4,100.0,18,4,68.0,1185,1,13,7975,7,17369,1,0,0,0,2,0,31,3956.0
10,157.0,50,4,36.0,998,0,1,662,7,41855,1,0,1,2,0,2,28,3012.85
1,64.0,16,3,32.0,902,0,20,11180,1,8778,0,1,0,0,5,1,32,3502.42
8,196.0,40,2,96.0,191,0,10,3685,4,20749,1,1,0,0,2,2,30,3943.68
4,50.0,22,0,0.0,0,0,13,5675,4,23183,1,0,0,0,4,3,29,2697.22
5,120.5,18,5,118.0,1912,1,2,809,0,0,0,0,0,0,2,0,14,3332.81
3,76.0,12,0,0.0,0,0,6,3858,2,11477,0,1,0,0,5,1,18,1657.75
6,36.0,24,1,8.0,263,1,20,12004,1,4321,0,1,0,0,2,3,34,2113.34
3,48.0,8,2,96.0,814,0,0,0,9,36187,1,0,1,3,5,0,24,2116.2
6,108.5,32,4,41.0,1439,1,3,2150,2,17468,1,1,1,0,3,1,22,2916.47
10,126.5,34,0,0.0,0,0,14,5808,5,25718,1,1,0,0,5,2,38,3246.53
1,64.0,16,2,8.0,732,0,11,4537,5,22854,0,0,0,0,2,1,22,2122.59
10,208.5,44,4,132.0,1050,1,1,541,4,9618,0,1,0,0,1,2,23,5203.66
1,8.0,2,0,0.0,0,1,3,1013,8,45767,1,0,0,0,2,2,17,1745.22
4,42.0,12,5,110.0,1498,1,14,8562,3,15688,0,1,0,0,2,0,29,5686.88
9,69.0,28,5,55.0,1117,1,20,10782,4,23454,1,0,0,0,1,3,43,4940.68
6,75.0,20,0,0.0,0,0,8,4739,4,11246,1,1,1,0,2,3,26,2198.42
10,112.0,36,3,13.0,1049,1,14,8043,10,44653,1,1,0,0,0,3,42,4972.05
8,108.5,34,2,32.0,540,1,8,3807,7,23231,1,0,0,0,0,1,27,3505.61
2,72.0,18,5,165.0,921,1,12,4497,2,13627,0,0,1,1,3,1,27,5185.74
8,158.0,48,1,16.0,424,0,8,4525,6,32692,1,0,1,4,1,0,30,3515.97
0,0.0,0,5,53.0,1416,0,14,8308,5,25073,0,0,1,3,5,1,34,3588.14
4,116.0,30,0,0.0,0,1,5,1801,0,0,0,1,0,0,2,1,13,1541.27
0,0.0,0,3,42.0,410,1,10,3856,9,64186,1,0,0,0,3,3,29,3285.77
8,118.5,40,5,112.0,1203,0,8,3357,7,43661,0,0,0,0,3,3,34,4039.47
4,78.0,16,4,72.0,873,1,1,914,1,7095,1,0,1,1,0,0,13,2665.16
9,148.0,28,0,0.0,0,1,18,8341,4,15100,0,0,0,0,0,3,34,3305.34
7,149.0,40,1,16.0,58,0,6,2503,0,0,0,1,1,3,1,2,22,2295.38
5,53.0,18,3,25.0,981,0,4,1538,9,45964,1,1,1,4,4,2,34,2434.38
2,80.0,12,1,16.0,348,1,2,531,8,36134,0,0,1,3,3,2,22,1841.33
10,217.0,50,1,8.0,374,1,20,8140,8,46792,1,1,0,0,1,3,45,4727.67
3,28.0,10,0,0.0,0,0,19,7893,4,14083,0,1,1,3,5,3,39,2084.98
4,80.5,16,2,5.0,251,0,1,732,10,40352,0,0,1,2,0,1,21,1606.47
9,174.5,34,4,96.0,1322,0,16,8499,6,28428,1,0,0,0,0,3,39,4812.97
4,41.0,16,4,39.0,682,1,18,8968,9,53656,0,0,1,3,0,0,39,5318.81
6,54.0,18,4,85.0,718,1,14,6208,6,26607,1,0,0,0,4,0,35,4051.28
10,264.0,66,2,18.0,227,0,4,1772,5,38031,1,1,1,1,4,2,31,3670.12
7,174.0,34,4,33.0,1568,0,14,6220,9,48856,1,1,0,0,5,3,44,4628.09
4,112.5,26,4,69.0,985,0,2,1008,10,64459,1,1,0,0,3,2,27,3604.97
3,40.0,12,2,48.0,607,0,4,1328,7,32366,1,0,0,0,3,2,22,2001.62
6,92.0,18,5,64.0,1007,1,12,6244,2,12685,0,0,0,0,5,3,33,3742.95
1,4.0,2,4,176.0,1072,0,6,2324,8,27565,0,1,0,0,3,1,24,3320.4
10,174.0,40,3,44.0,835,1,4,2677,3,18635,0,1,1,4,3,2,31,3152.98
7,173.0,38,1,8.0,383,1,12,6620,6,29337,0,1,1,4,0,3,35,3033.94
6,43.0,22,2,34.0,542,1,5,2562,8,38888,0,1,0,0,5,2,29,2781.76
6,169.0,40,2,10.0,616,1,16,8215,1,1161,1,1,1,1,3,3,35,3172.53
7,146.0,24,0,0.0,0,0,6,4568,10,61272,0,0,0,0,1,3,27,3271.35
0,0.0,0,1,64.0,334,0,15,7804,2,16143,0,0,0,0,3,1,22,2024.41
2,80.0,24,0,0.0,0,0,9,4372,7,50277,1,0,1,1,1,1,23,2339.61
0,0.0,0,5,160.0,1109,0,19,9032,8,32468,1,1,0,0,2,0,36,4607.47
4,102.0,20,5,64.0,1175,1,5,2394,2,2160,0,1,0,0,0,1,18,2593.05
2,17.0,6,1,1.0,433,1,0,0,1,3815,0,0,1,2,1,1,9,343.57
10,107.5,30,3,18.0,560,1,15,8965,9,48135,0,1,0,0,4,3,45,3782.05
1,8.0,2,0,0.0,0,1,2,430,2,14239,0,1,1,5,2,2,16,498.67
2,96.0,20,1,16.0,343,1,4,2117,8,35409,0,0,0,0,3,2,20,2596.85
2,20.0,6,0,0.0,0,1,10,4605,5,29284,1,0,0,0,5,1,24,1653.17
8,133.0,30,0,0.0,0,0,16,7563,8,45331,0,1,0,0,5,1,39,3966.02
0,0.0,0,1,16.0,79,0,12,6801,9,42067,0,0,1,6,2,0,31,2082.79
6,136.0,26,2,48.0,681,0,19,9380,6,41472,1,1,1,0,1,3,40,5239.22
7,133.0,34,5,121.0,1466,1,19,9713,2,18252,0,1,0,0,2,2,38,6246.37
3,74.0,12,2,16.0,665,1,8,4122,6,29144,0,1,0,0,1,0,21,2838.06
2,32.5,10,0,0.0,0,0,4,1790,6,37555,1,0,1,5,0,3,22,1347.9
0,0.0,0,5,83.0,669,1,11,6506,6,23555,1,1,1,0,5,1,31,3971.28
7,42.0,16,0,0.0,0,1,0,0,1,2703,0,0,0,0,0,3,11,466.11
9,212.0,32,2,32.0,683,0,16,9573,9,41083,0,0,1,0,4,1,42,4763.38
10,279.0,48,4,19.0,1090,1,12,5276,6,39037,0,0,0,0,0,3,35,4141.12
3,37.0,8,1,32.0,407,1,4,1213,9,47484,1,0,1,4,3,1,27,1970.4
1,8.0,4,5,96.0,1390,0,12,5849,4,30266,1,0,0,0,4,2,29,2801.3
9,101.0,28,0,0.0,0,1,10,5802,5,22570,0,1,0,0,5,3,33,2364.52
3,48.5,8,2,80.0,367,0,0,0,2,11441,0,0,0,0,5,2,14,1237.72
1,16.0,4,0,0.0,0,1,7,3702,9,47084,1,1,0,0,0,0,19,2164.37
3,84.0,14,5,64.0,1333,1,0,0,2,3775,1,0,1,5,3,1,21,2593.17
7,128.0,22,0,0.0,0,0,12,6892,10,58294,0,0,0,0,3,3,35,2960.22
8,124.5,38,4,96.0,409,0,12,6722,0,0,1,0,1,4,4,3,37,4046.35
3,24.0,8,2,20.0,803,0,10,3861,8,41546,0,1,1,4,5,2,36,2803.56
2,12.0,4,1,8.0,231,0,7,4065,9,42433,1,1,0,0,1,2,24,1955.9
3,40.0,10,5,144.0,1390,1,18,7325,8,46047,0,1,0,0,2,0,37,6123.67
0,0.0,0,0,0.0,0,1,20,8422,4,17265,1,0,0,0,5,3,33,2423.92
5,15.5,12,0,0.0,0,0,16,5662,4,11344,0,0,1,5,1,1,33,2260.39
8,97.0,26,3,160.0,959,0,12,6378,9,55128,0,0,0,0,5,1,38,4875.64
4,70.0,16,4,144.0,920,0,10,4896,2,8536,1,1,1,0,4,2,29,2867.16
8,166.0,40,2,8.0,309,1,6,4186,9,25140,1,1,1,6,1,2,37,3572.23
9,129.5,32,5,50.0,1158,1,0,0,0,0,0,1,0,0,5,3,23,2380.42
7,68.0,18,4,40.0,1406,1,2,897,0,0,0,1,0,0,5,1,20,1911.27
6,200.0,36,4,104.0,1549,1,10,4680,8,50622,1,1,0,0,4,1,35,6880.65
0,0.0,0,4,58.0,875,0,14,5387,8,27361,1,0,0,0,1,2,30,3087.72
4,76.0,14,1,8.0,153,1,2,957,10,63607,0,0,1,5,1,1,25,2122.68
0,0.0,0,4,66.0,850,1,3,1514,1,6115,1,0,0,0,1,2,12,2246.48
9,114.0,28,1,1.0,425,0,15,7886,8,19889,0,1,0,0,1,2,37,2993.01
6,60.5,26,1,16.0,159,1,10,6130,6,21326,0,0,0,0,1,1,25,2610.47
2,5.0,4,4,28.0,1254,1,11,6345,9,25508,1,0,1,0,5,1,34,3087.08
5,99.0,22,4,34.0,1103,0,10,5949,2,14717,0,1,1,2,0,3,28,2867.23
2,48.0,10,0,0.0,0,0,17,9406,9,44201,1,0,0,0,5,2,36,4333.2
1,16.0,2,1,2.0,431,0,4,2158,0,0,1,1,0,0,5,3,16,1237.24
9,141.0,36,1,4.0,420,0,5,3442,4,12777,1,1,1,0,0,1,23,2317.68
10,302.0,68,4,54.0,706,0,18,7728,0,0,0,1,1,3,4,0,41,5693.16
7,105.0,30,2,36.0,510,0,6,3619,1,3585,1,0,0,0,2,0,19,2574.78
4,82.0,22,3,7.0,434,1,19,8946,6,38412,1,0,0,0,1,3,37,4009.03
6,142.0,32,2,3.0,457,0,11,5075,5,30544,1,1,1,4,4,1,36,3252.98
3,20.0,6,5,22.0,1953,1,1,245,0,0,0,1,0,0,3,3,16,1563.18
10,290.5,56,0,0.0,0,1,12,9248,6,28092,0,0,1,3,5,1,38,4621.68
8,199.0,36,0,0.0,0,1,7,3616,6,20876,1,1,0,0,0,2,25,2344.66
8,208.0,42,4,51.0,1346,1,17,8321,8,29177,1,1,1,3,3,0,46,5938.62
0,0.0,0,2,24.0,671,0,5,3683,0,0,1,1,0,0,4,1,14,1287.68
8,140.0,40,3,22.0,741,1,20,9066,8,54039,0,1,0,0,1,0,41,5699.28
2,72.0,12,2,4.0,669,0,9,3512,2,11834,0,1,0,0,0,1,17,1954.87
1,32.0,4,5,48.0,1933,0,19,7731,3,6373,1,1,1,1,1,0,33,3400.96
7,91.0,20,4,161.0,1099,1,16,8723,7,27810,0,0,0,0,2,1,37,5391.64
8,154.5,46,3,20.0,677,0,1,428,9,56993,0,0,0,0,3,3,27,2982.85
10,133.0,36,1,64.0,409,1,2,528,1,2779,1,1,1,0,4,0,21,2701.82
2,17.0,6,3,26.0,501,0,8,4991,2,10242,1,1,0,0,2,2,21,1592.97
8,123.0,30,0,0.0,0,1,4,1396,8,51460,1,1,0,0,0,3,25,2187.83
4,72.5,22,3,11.0,1060,0,17,8819,3,16687,1,1,0,0,2,0,31,2918.63
7,110.0,28,5,144.0,1473,1,1,16,5,29495,1,1,1,2,3,0,26,5087.64
6,90.5,20,5,44.0,911,0,14,6741,9,43625,1,0,1,3,2,3,44,3715.71
1,1.0,2,4,146.0,1254,1,14,7559,0,0,1,0,0,0,5,2,27,5072.34
9,133.5,28,2,34.0,469,1,6,3724,4,23538,1,0,1,4,4,2,33,3269.81
10,208.0,60,3,73.0,859,1,6,3376,1,6086,1,0,0,0,2,0,23,4489.41
9,148.0,38,4,112.0,1125,1,5,2455,2,17053,0,0,1,3,5,0,29,5016.39
6,47.5,18,1,16.0,400,1,9,5162,8,43831,0,1,0,0,2,2,29,2155.05
10,178.0,58,1,32.0,382,0,15,6774,9,50750,0,0,0,0,3,1,39,4383.42
1,2.0,2,1,2.0,103,1,12,6625,7,35263,1,0,1,0,0,2,25,2176.06
6,118.0,36,5,44.0,1197,1,13,6558,4,24462,1,0,1,4,3,3,40,4653.96
0,0.0,0,5,20.0,991,0,18,8734,7,37375,1,1,0,0,1,0,33,2997.97
10,209.0,50,0,0.0,0,0,2,1272,1,696,0,0,1,1,1,0,16,2325.78
2,16.5,6,1,16.0,88,0,12,7285,2,12638,1,1,0,0,0,3,22,2550.13
0,0.0,0,3,44.0,712,0,9,5169,4,16071,1,0,1,4,4,2,28,2218.16
4,144.0,32,2,64.0,281,1,18,8928,3,9421,0,1,1,2,4,1,36,5058.89
5,96.5,30,4,112.0,823,0,16,9482,10,38979,1,1,1,4,3,1,46,4808.71
7,172.0,36,3,44.0,1247,1,17,8876,0,0,1,1,1,2,5,2,39,5273.05
3,112.0,28,5,118.0,1282,1,15,7118,10,30835,1,0,0,0,4,3,41,5162.78
5,201.0,38,0,0.0,0,0,8,3981,0,0,1,1,1,3,5,2,26,3053.57
4,32.0,10,4,96.0,1006,0,18,7690,8,38388,1,1,1,4,3,1,45,3980.1
5,100.0,18,5,65.0,1740,1,19,8811,8,41106,0,0,1,1,4,2,45,5178.44
3,44.0,12,0,0.0,0,0,12,5250,0,0,0,1,0,0,4,1,21,2165.31
2,32.0,8,1,8.0,140,0,4,2047,6,45751,0,1,1,2,2,2,21,1907.99
2,96.0,16,1,32.0,344,1,10,6258,5,30430,1,1,0,0,4,2,26,4096.02
2,68.0,10,0,0.0,0,0,6,3772,9,54455,0,1,0,0,0,1,19,2312.49
1,8.0,2,1,32.0,155,1,2,1203,1,6459,0,0,1,1,5,1,13,959.9
0,0.0,0,3,82.0,853,1,9,3720,1,803,1,0,1,3,5,2,25,2815.26
9,119.0,28,0,0.0,0,1,3,1579,7,32011,0,0,1,6,4,1,31,1857.6
9,218.0,46,1,16.0,444,0,3,2131,7,26395,0,1,0,0,5,0,26,3063.99
5,21.5,10,5,92.0,1086,1,4,2305,1,2824,0,0,0,0,1,2,18,3025.71
9,222.0,52,4,98.0,878,0,18,8795,10,52509,1,1,0,0,5,1,49,5733.45
6,108.0,34,5,107.0,1338,1,2,888,9,52869,1,1,1,3,2,1,31,4610.47
1,1.0,2,4,81.0,426,0,9,4435,7,37217,0,0,1,1,2,1,26,2141.16
2,12.0,6,5,162.0,1559,0,3,1564,9,39083,0,0,0,0,0,2,21,3278.27
3,97.0,18,3,20.0,642,0,15,7954,4,17998,0,0,0,0,5,1,31,3655.29
7,208.0,56,0,0.0,0,0,12,5808,8,47634,0,0,1,4,3,3,38,3899.99
7,84.5,32,3,14.0,807,1,1,313,6,38098,1,0,1,4,3,3,29,2528.04
8,208.0,56,0,0.0,0,0,10,3937,10,48887,0,1,0,0,0,1,30,3404.87
7,145.0,40,3,100.0,637,0,10,4911,3,14962,1,0,0,0,3,2,29,3818.63
5,56.5,14,5,66.0,1328,1,14,8116,5,21458,0,1,1,2,2,3,38,4582.76
3,32.5,10,0,0.0,0,0,12,6131,3,23413,1,0,1,5,2,3,30,2597.82
6,176.5,44,2,32.0,727,1,18,9825,2,8781,0,1,1,1,3,3,37,3951.76
2,3.0,4,2,72.0,450,0,15,10826,5,25687,0,0,1,3,2,2,32,3547.92
5,113.0,24,0,0.0,0,1,12,4810,3,16849,1,1,0,0,2,1,25,2023.08
5,97.0,26,0,0.0,0,1,17,8082,8,34657,0,1,0,0,4,3,38,2810.88
1,32.0,4,3,80.0,580,1,5,1771,7,48242,1,0,1,6,2,0,26,3746.44
0,0.0,0,1,64.0,259,1,17,8305,10,49919,1,1,0,0,5,1,36,3884.03
3,64.0,14,1,8.0,319,1,18,8996,1,723,1,0,1,0,4,3,32,3594.34
8,125.0,30,5,48.0,1614,0,10,4489,1,7313,1,1,0,0,0,1,27,3269.64
9,82.5,28,0,0.0,0,1,5,3778,7,30808,1,1,1,2,1,1,28,2409.18
6,38.0,14,2,16.0,495,0,7,4066,7,39079,1,0,1,2,1,1,28,1988.47
9,152.5,44,0,0.0,0,0,9,4981,7,37520,0,1,0,0,0,1,27,3953.17
1,0.5,2,3,56.0,1148,0,12,7053,8,41163,0,0,1,5,0,1,31,3156.12
6,74.0,22,3,42.0,694,0,13,7731,5,18792,0,1,1,1,1,1,32,3772.22
1,8.0,2,2,9.0,499,0,4,2235,5,25916,1,0,1,1,5,1,21,1500.68
6,106.0,34,2,66.0,755,1,2,566,0,0,1,1,1,5,3,3,24,2815.11
5,93.0,18,2,24.0,388,1,5,1981,2,11487,0,1,0,0,2,1,18,2137.61
5,53.0,18,1,64.0,446,0,17,8839,4,13134,1,0,0,0,2,2,32,4584.6
7,94.5,22,2,72.0,249,0,20,9917,0,0,0,1,0,0,0,0,30,3460.02
5,76.0,22,0,0.0,0,1,19,10902,2,16830,0,0,1,3,0,2,32,3736.8
10,210.5,56,0,0.0,0,0,2,502,8,45250,1,0,1,4,4,2,32,3599.94
5,92.0,18,2,65.0,692,1,11,6151,3,14124,0,1,1,6,4,1,34,3492.96
0,0.0,0,0,0.0,0,0,14,8553,2,7951,1,0,1,4,2,0,24,2170.27
9,148.5,38,3,10.0,543,0,4,2035,9,44075,1,1,0,0,4,2,33,3482.28
8,189.0,44,0,0.0,0,0,3,1167,8,49144,0,1,1,0,1,0,22,2511.7
1,1.0,2,2,18.0,227,0,12,7243,2,9577,1,0,0,0,5,0,23,2246.45
8,156.0,38,4,45.0,887,0,14,5886,1,4938,0,1,1,1,2,2,34,3986.15
2,40.0,6,5,74.0,1271,0,16,10287,10,46075,0,0,1,4,1,2,41,4068.15
4,108.0,30,1,8.0,127,0,3,1326,6,22580,0,0,0,0,2,0,16,1920.76
0,0.0,0,5,128.0,1586,1,5,2293,2,9657,0,1,1,6,5,1,26,3545.88
4,160.0,40,5,75.0,1116,0,10,1762,8,31835,0,0,1,2,5,2,37,3678.19
9,196.0,44,5,61.0,1005,1,19,8568,7,31946,1,1,0,0,4,2,48,6066.58
5,64.0,16,4,96.0,827,1,10,4394,1,6628,1,0,1,6,2,0,30,3867.3
7,156.0,26,4,74.0,1039,1,11,5850,9,42188,0,1,1,6,3,0,42,4540.01
2,96.0,24,5,102.0,1089,0,2,718,7,35725,0,1,1,5,5,0,28,3338.29
7,115.0,26,0,0.0,0,1,16,7732,4,27417,0,1,0,0,4,1,33,4275.24
3,52.0,12,1,2.0,246,0,10,3704,5,11404,1,0,0,0,3,2,25,1938.4
4,77.0,14,4,74.0,937,1,11,4225,8,31598,0,0,0,0,1,2,30,4347.89
7,123.0,28,4,35.0,920,0,8,4203,4,13537,0,0,1,0,2,2,28,3061.69
1,1.0,2,4,33.0,998,0,10,4414,9,43915,0,1,0,0,2,1,28,2053.41
4,66.0,26,5,43.0,2264,1,15,7329,0,0,0,1,1,1,0,0,27,3656.76
10,98.0,34,5,84.0,1830,1,2,1499,0,0,1,1,1,0,0,3,23,3877.65
9,60.0,26,3,42.0,440,0,20,8075,4,12864,0,1,1,5,0,3,46,3583.69
3,104.0,18,3,88.0,1004,1,1,262,0,0,1,1,0,0,0,1,10,2731.69
9,193.0,52,2,65.0,354,0,17,8700,1,6049,1,1,0,0,0,1,32,4751.57
2,18.0,6,5,113.0,1442,0,11,7173,8,48409,0,0,1,6,2,2,37,4083.8
6,77.0,28,5,104.0,1226,0,8,3089,5,15397,0,1,0,0,2,3,30,3540.37
10,336.0,70,3,52.0,438,1,5,2139,0,0,1,0,1,1,3,2,26,4687.82
8,207.0,48,5,82.0,1326,0,11,6426,6,32970,0,1,1,0,3,3,38,4267.32
5,85.0,30,0,0.0,0,1,11,4759,10,51075,1,1,1,5,5,1,40,2971.25
1,8.0,2,4,81.0,966,1,6,2843,5,35773,1,0,0,0,3,2,22,3287.28
0,0.0,0,3,104.0,979,0,12,4842,1,926,1,0,0,0,2,1,20,2322.06
2,36.0,10,2,24.0,728,0,5,2119,8,41073,1,0,0,0,3,0,21,2487.25
2,24.0,4,0,0.0,0,0,15,7947,4,11697,0,1,0,0,2,0,24,1516.79
9,160.5,38,5,62.0,1417,1,15,7983,6,30786,0,1,1,0,3,0,40,5720.86
9,194.5,42,0,0.0,0,0,17,9651,2,6629,0,1,0,0,3,1,33,3183.89
0,0.0,0,3,48.0,1109,0,15,7180,5,28502,0,0,0,0,2,0,25,2704.95
0,0.0,0,4,38.0,875,1,9,5061,3,17765,1,1,1,4,3,3,29,2566.65
2,32.5,10,4,77.0,1127,0,11,6253,8,29474,0,1,0,0,2,0,28,3043.5
2,33.0,10,4,52.0,1104,1,13,7262,4,22965,1,1,0,0,2,1,28,3716.96
3,72.0,12,3,56.0,890,0,7,4022,8,37084,0,1,1,2,4,3,32,2582.35
10,148.0,44,3,22.0,871,1,16,8551,9,41461,1,0,0,0,1,1,41,4277.98
7,220.0,40,0,0.0,0,1,16,8836,8,50845,0,1,1,4,1,1,39,4660.93
0,0.0,0,1,32.0,388,1,19,8395,3,22950,1,0,0,0,2,0,26,3298.21
9,237.0,46,0,0.0,0,0,1,767,4,22665,1,1,1,5,3,3,28,2254.42
2,16.0,8,2,65.0,831,0,15,7192,8,58355,1,1,1,1,1,0,32,3287.94
9,90.0,36,4,120.0,627,0,13,6608,0,0,0,0,1,0,4,2,33,4468.28
8,172.0,40,3,36.0,993,0,10,4504,9,31544,0,0,0,0,5,1,36,3561.21
5,76.0,20,0,0.0,0,0,8,4416,0,0,1,0,1,3,2,3,23,2164.95
7,53.0,22,4,104.0,812,1,0,0,7,27097,0,0,0,0,0,0,18,2868.0
5,170.0,36,0,0.0,0,1,16,9153,5,22257,0,1,1,0,5,3,36,3135.59
9,35.0,18,5,39.0,1249,1,8,4563,8,56247,1,0,0,0,1,2,34,3361.14
7,114.0,36,1,2.0,157,1,18,9157,7,35029,1,0,0,0,3,0,37,3429.51
6,123.0,36,2,24.0,913,0,8,4786,9,27833,0,0,1,3,2,1,32,2789.65
5,84.5,18,3,12.0,806,1,4,1427,6,20859,0,0,0,0,2,1,21,1589.69
0,0.0,0,3,32.0,1032,1,17,6420,0,0,1,1,0,0,2,3,27,2645.0
9,220.5,56,5,90.0,1361,0,13,6716,2,18590,1,0,1,5,3,1,40,5204.18
2,24.0,8,1,8.0,411,0,17,9706,3,12511,0,0,1,5,0,2,31,2337.93
1,32.0,8,2,5.0,536,0,3,1647,7,27708,1,1,0,0,3,2,20,1725.47
0,0.0,0,1,32.0,154,0,8,3268,8,41424,1,1,1,4,0,1,25,1974.06
10,236.5,42,4,96.0,1057,0,9,3843,8,46722,0,1,0,0,2,3,37,4201.87
6,136.0,36,2,34.0,589,1,4,2629,1,8478,1,0,1,6,5,2,28,2926.68
10,144.0,38,1,4.0,294,0,6,2167,4,19740,0,0,0,0,2,1,24,2255.0
10,170.0,48,1,8.0,374,0,2,609,10,38043,1,1,1,4,0,2,32,2838.13
1,16.0,2,1,8.0,103,0,19,9734,9,61075,1,1,0,0,0,0,32,3403.88
5,116.5,36,5,134.0,1585,1,18,9138,3,14082,1,1,0,0,0,0,33,6360.99
1,32.0,8,4,136.0,1075,0,17,6940,7,51663,1,0,0,0,0,0,30,4621.73
7,116.0,34,2,48.0,590,1,16,9263,1,5373,0,1,0,0,5,0,32,3833.21
1,16.0,8,3,96.0,320,1,17,7607,10,55486,0,1,0,0,3,0,35,5375.81
4,34.0,10,1,8.0,306,1,20,12068,6,32113,1,0,0,0,2,0,34,3782.0
5,128.0,22,2,16.0,748,0,14,6955,0,0,1,1,0,0,1,0,24,3233.32
2,8.0,4,4,72.0,640,0,10,6773,10,51679,0,1,1,3,4,2,37,3402.99
8,99.0,32,5,94.0,1771,0,14,6466,8,26942,0,1,0,0,2,1,39,4051.66
4,38.0,20,2,12.0,726,1,18,9018,10,47884,1,0,1,6,4,2,48,4329.2
3,128.0,20,1,64.0,208,1,6,3677,10,48302,1,1,1,1,4,0,28,4013.08
5,161.5,32,5,62.0,1411,0,17,8421,6,42775,0,1,1,0,0,0,35,5139.26
4,64.5,16,4,120.0,1561,0,9,4471,10,47767,1,0,0,0,1,3,32,4248.71
9,139.0,32,2,9.0,219,0,14,7404,6,33413,0,0,1,4,4,3,43,2946.28
3,33.0,10,4,106.0,1090,1,4,1707,3,17541,0,1,0,0,2,0,17,2842.48
5,118.0,22,5,68.0,1389,0,13,7452,8,40850,0,1,1,5,0,2,40,3753.54
6,111.0,24,5,57.0,1245,0,8,4314,3,7681,1,0,1,2,0,0,26,3150.69
1,8.0,4,2,40.0,890,0,1,41,5,18366,1,0,1,5,4,1,21,1157.74
9,190.0,44,1,16.0,437,1,14,6709,5,25905,0,1,0,0,2,0,32,3698.85
2,32.0,8,3,56.0,945,0,17,8918,6,24089,1,1,1,4,2,1,38,4519.53
9,110.5,32,2,64.0,608,1,7,2723,4,19302,1,1,1,6,1,2,34,3617.48
6,144.5,32,3,10.0,1064,0,9,5537,2,12402,0,0,0,0,1,1,22,2578.71
1,64.0,16,0,0.0,0,1,17,9003,10,33321,1,1,1,2,4,1,38,3387.14
2,24.0,6,0,0.0,0,1,5,3116,4,21780,1,0,1,4,5,3,25,1871.09
4,96.0,24,4,30.0,1003,0,17,7847,0,0,0,1,0,0,2,0,28,2713.47
3,26.0,10,4,69.0,896,1,13,7312,9,42134,0,0,0,0,5,0,34,4170.5
6,88.0,28,3,72.0,1128,1,16,6565,7,36876,1,1,1,3,0,2,40,5860.28
7,85.0,24,1,16.0,24,0,9,5985,9,38950,1,1,0,0,4,1,33,3261.5
1,16.0,4,1,64.0,127,1,8,3872,10,52781,1,0,0,0,2,1,24,3711.73
9,170.0,40,3,28.0,881,0,20,8334,4,26637,1,0,0,0,5,0,42,3789.36
10,260.5,60,4,64.0,1454,1,11,4249,9,52903,1,0,0,0,5,3,43,6657.97
2,96.0,24,2,12.0,511,0,12,5259,10,54699,1,1,0,0,0,3,31,3022.07
0,0.0,0,0,0.0,0,0,0,0,1,1420,1,0,0,0,2,0,4,276.45
2,20.0,6,1,8.0,241,1,15,9284,5,29011,1,0,1,4,3,2,34,3237.6
10,125.0,48,3,48.0,1103,1,12,4536,3,7460,1,1,1,4,0,3,38,5159.51
5,57.5,22,4,144.0,805,1,8,4076,6,31497,1,0,0,0,0,2,26,5440.65
9,156.5,46,4,43.0,1136,1,7,2748,6,34132,1,0,1,3,3,2,36,3770.57
2,17.0,10,1,8.0,340,1,13,6566,10,48799,1,0,1,5,0,3,36,2643.02
6,112.0,30,0,0.0,0,0,7,3428,5,34852,0,1,1,6,2,0,28,2107.12
10,121.0,34,4,44.0,770,1,0,0,4,20600,1,1,1,2,2,2,27,3141.57
5,64.0,14,3,19.0,906,1,13,7151,0,0,0,1,0,0,1,0,23,2810.52
5,120.0,32,0,0.0,0,0,11,6783,4,15327,1,1,0,0,3,3,28,3166.19
10,156.0,48,0,0.0,0,1,11,7405,6,31278,1,0,1,5,5,1,40,4635.55
9,278.0,60,1,8.0,31,1,0,0,6,32977,0,0,1,2,2,3,24,3377.49
6,144.0,28,1,64.0,114,1,18,9875,5,39246,1,0,0,0,4,3,38,5339.04
1,0.5,2,3,42.0,769,0,3,1811,5,7648,0,1,1,1,5,2,22,1239.89
4,136.0,28,5,55.0,1031,1,19,10559,6,44617,1,0,1,2,1,2,41,5570.88
1,4.0,2,3,18.0,993,0,18,8927,1,1231,0,0,1,4,4,2,34,2324.57
1,16.0,4,5,51.0,751,1,0,0,5,20836,1,0,0,0,0,2,14,1964.54
2,6.0,4,0,0.0,0,0,16,6131,2,16433,0,0,1,6,5,3,35,2091.97
6,67.5,20,1,8.0,221,0,9,5697,4,19374,0,0,0,0,3,1,24,1914.77
6,160.0,40,2,80.0,151,1,6,2979,3,17662,1,1,0,0,2,0,21,4381.61
2,10.0,4,4,60.0,1037,1,17,7356,1,1531,0,1,1,3,0,3,32,3939.82
5,162.0,44,2,8.0,185,1,6,2200,10,43410,0,0,1,3,2,1,30,3331.59
3,20.5,8,5,82.0,1911,0,2,1424,9,45123,1,0,0,0,0,0,20,2653.4
1,8.0,2,5,73.0,1136,0,17,7579,9,47782,1,0,0,0,1,2,36,3988.28
0,0.0,0,4,46.0,964,0,18,6754,5,25979,0,1,1,5,4,1,39,2783.78
6,56.5,18,1,4.0,492,0,17,9138,1,2062,1,1,1,2,3,2,35,3593.89
2,32.0,8,3,48.0,1072,1,17,10103,4,14318,1,0,1,3,0,0,31,3542.4
3,18.0,6,0,0.0,0,1,13,5834,9,39718,0,1,0,0,5,0,31,3055.31
8,168.5,40,4,120.0,976,0,10,5133,2,11021,0,0,0,0,4,1,29,4070.29
6,70.5,26,1,1.0,183,0,15,9398,6,19467,1,0,0,0,4,3,36,3382.24
6,108.0,24,2,48.0,560,1,5,2242,2,11606,0,1,0,0,4,0,20,2872.67
5,60.0,16,4,40.0,1221,0,19,9757,9,55140,1,1,1,2,0,3,45,3863.31
10,140.5,42,0,0.0,0,0,14,7636,9,39663,1,0,0,0,2,2,38,3970.61
0,0.0,0,0,0.0,0,0,9,3577,5,23215,1,1,1,0,3,3,23,1710.43
3,20.0,8,4,104.0,1020,1,16,8995,6,26426,0,1,0,0,1,1,32,5755.34
7,130.0,34,4,70.0,1535,1,14,7866,5,23306,0,0,0,0,1,1,32,5314.38
10,144.0,32,3,42.0,889,0,4,1514,9,22640,1,0,1,3,1,3,35,2606.13
5,228.0,42,5,50.0,1857,1,2,621,7,33424,1,1,1,5,2,1,30,4564.68
9,200.0,44,3,28.0,1024,1,6,3416,2,12691,0,1,1,2,3,1,28,3141.05
10,152.5,42,3,48.0,600,0,11,5950,8,36499,1,1,0,0,3,3,40,4292.63
10,133.5,36,2,96.0,710,1,13,6871,4,17942,1,0,1,5,5,3,44,5679.67
5,83.0,24,2,33.0,855,0,19,10430,4,25794,1,0,0,0,2,2,35,4486.04
6,69.0,22,3,41.0,779,0,5,953,9,41795,0,1,1,3,0,0,28,2192.44
5,92.0,26,4,39.0,796,0,7,4117,3,16071,1,1,0,0,0,0,21,2588.71
8,66.0,26,2,40.0,423,0,16,7079,6,29716,0,0,0,0,4,1,37,2970.9
10,60.5,24,2,96.0,297,1,19,10213,1,6563,1,1,0,0,5,1,40,4348.67
3,81.0,14,4,52.0,1516,0,20,10007,9,50198,1,1,0,0,2,2,42,4183.3
4,88.0,22,1,16.0,134,1,2,1580,4,24202,0,0,1,5,0,2,19,2230.97
3,34.0,12,2,17.0,772,1,11,5324,4,16537,1,1,0,0,3,2,27,2120.05
8,100.0,32,5,104.0,1529,0,6,3884,10,52374,1,1,1,0,0,2,34,4836.28
7,256.0,60,4,10.0,1016,1,5,639,0,0,1,0,1,1,3,2,24,3180.22
0,0.0,0,1,8.0,137,0,12,5524,7,30781,0,0,0,0,5,1,26,2247.21
8,225.0,60,0,0.0,0,0,12,7026,10,35686,1,1,1,2,0,2,37,4295.39
2,64.0,16,3,88.0,518,0,9,4691,6,25077,1,1,0,0,4,3,29,3452.35
10,266.5,62,2,34.0,476,0,0,0,8,41417,1,1,0,0,2,1,25,3396.95
5,54.5,16,0,0.0,0,1,17,7658,7,44063,1,1,1,5,1,1,39,3010.97
8,73.0,24,3,49.0,749,0,18,9604,5,25572,1,1,0,0,1,0,37,4126.49
10,188.0,40,5,29.0,1838,1,12,5302,4,24295,1,1,1,2,2,0,38,4052.82
3,32.0,12,5,117.0,1286,0,2,325,6,33830,1,0,1,4,1,2,25,3052.91
10,204.0,54,5,64.0,1417,1,9,4694,9,46146,1,1,0,0,4,3,42,5816.02
9,149.5,48,3,104.0,949,1,13,5714,10,48606,1,1,0,0,4,1,42,6421.06
0,0.0,0,4,136.0,1043,0,0,0,1,9084,0,0,0,0,2,1,8,1690.49
0,0.0,0,5,96.0,1411,0,2,766,5,16862,0,1,0,0,1,0,14,1671.9
5,264.0,50,1,8.0,54,1,9,3802,3,12037,1,0,1,4,1,3,28,3923.74
3,84.0,12,2,32.0,229,1,4,2407,9,35680,1,0,1,1,2,3,26,2523.78
0,0.0,0,1,8.0,307,1,13,6918,9,40598,1,0,1,1,0,0,26,2951.44
7,68.0,18,3,44.0,804,0,15,6623,8,51380,0,0,0,0,4,0,37,3971.62
2,80.0,18,2,68.0,519,1,16,6154,4,22872,0,1,0,0,4,0,29,4122.78
1,8.0,2,2,33.0,306,1,7,4775,8,36880,1,0,0,0,1,1,21,2766.31
1,2.0,2,0,0.0,0,1,6,2059,6,26569,0,1,0,0,5,0,19,1190.05
6,96.5,34,2,48.0,378,0,15,8027,1,3682,0,1,1,2,2,3,33,3143.09
1,4.0,2,1,4.0,301,0,12,5181,0,0,1,0,1,6,4,2,28,1762.75
5,120.0,24,0,0.0,0,1,15,8830,2,7181,0,0,1,4,0,3,30,2656.88
8,192.0,46,0,0.0,0,0,12,5001,9,64221,1,0,1,2,5,0,38,4169.77
8,129.5,44,3,104.0,1202,1,7,3595,1,7969,1,0,1,1,3,2,27,4923.75
9,133.0,34,0,0.0,0,0,5,3390,3,19725,1,0,0,0,0,3,21,2153.67
7,84.5,28,4,96.0,1513,1,15,8035,2,12866,1,1,0,0,3,2,35,5402.46
4,60.0,16,4,64.0,879,1,17,9133,4,17824,0,0,0,0,0,3,32,4195.6
4,52.0,14,2,12.0,662,1,6,2408,1,9053,1,0,1,4,0,1,20,1618.8
6,21.5,14,0,0.0,0,0,11,5503,8,33072,0,0,0,0,2,0,27,2126.05
4,84.5,14,5,100.0,1452,1,8,3473,4,30669,0,1,0,0,3,1,26,4291.75
10,314.0,60,4,65.0,566,1,12,6731,1,6166,0,0,1,4,0,0,32,4478.72
6,120.0,34,5,36.0,1366,1,4,2261,10,67851,1,0,1,0,4,2,33,4394.12
10,118.5,42,2,24.0,624,0,20,10224,2,10690,0,1,1,4,3,2,45,3928.9
2,24.0,6,1,16.0,282,0,12,6152,3,10113,1,0,0,0,2,0,21,1572.27
9,136.0,34,2,24.0,463,0,14,6727,6,37601,1,0,1,1,4,0,38,3979.04
4,104.5,30,1,8.0,319,1,4,1040,10,49942,1,0,0,0,2,1,23,2653.11
8,209.5,52,3,11.0,742,0,3,748,6,47567,1,1,1,4,2,1,30,3136.81
10,156.0,40,3,48.0,388,0,13,6798,2,5318,0,0,0,0,4,0,32,3163.05
6,32.5,12,4,97.0,1521,1,15,8483,5,23828,1,0,0,0,1,2,34,6128.1
8,162.0,40,2,48.0,764,1,6,4146,3,15404,1,1,0,0,1,1,23,3582.58
3,72.0,14,0,0.0,0,0,4,1793,0,0,1,0,0,0,4,0,12,1651.57
4,6.5,8,2,16.0,245,1,5,2107,8,48307,0,1,1,4,3,0,28,2142.99
0,0.0,0,2,12.0,460,1,19,10027,5,18563,1,0,0,0,2,1,30,2206.84
5,72.0,28,2,32.0,599,0,16,8201,0,0,0,1,0,0,1,1,26,3000.15
9,168.0,46,3,82.0,890,1,0,0,2,14378,0,1,1,4,1,1,22,3391.11
8,173.0,44,1,64.0,69,0,3,1658,0,0,1,1,1,0,4,2,21,2697.56
2,32.0,6,4,80.0,1018,1,0,0,5,22115,1,1,0,0,4,1,18,2825.93
1,32.0,4,3,52.0,1121,1,7,3591,7,22782,1,1,0,0,0,3,23,3368.31
1,1.0,2,4,18.0,869,0,14,7912,7,30931,0,1,1,2,3,2,35,2335.02
8,185.0,38,0,0.0,0,1,4,1895,1,678,1,0,1,2,4,0,21,2462.39
1,16.0,4,2,40.0,458,0,2,286,0,0,0,1,1,4,2,1,14,628.6
4,104.0,20,0,0.0,0,0,0,0,4,14641,0,0,1,0,4,2,15,1185.61
5,72.0,16,4,44.0,476,1,0,0,3,14167,1,1,0,0,0,1,15,2052.99
3,98.0,22,0,0.0,0,1,8,4856,5,16087,1,0,0,0,5,0,22,2072.24
4,41.0,8,5,78.0,1523,0,6,2929,4,18913,0,1,1,2,2,0,25,2384.33
5,84.0,30,1,8.0,293,0,3,1534,3,18715,1,0,0,0,3,2,18,1944.0
3,18.0,8,0,0.0,0,1,12,5394,0,0,1,0,1,4,0,3,24,1411.11
10,114.0,36,2,36.0,898,1,8,2989,10,35358,0,0,1,4,4,3,42,3914.4
3,20.5,8,4,45.0,1104,1,14,5130,5,17853,0,0,0,0,3,2,31,3490.31
7,258.5,64,5,113.0,1841,1,1,455,9,44010,0,1,0,0,4,3,30,5749.8
5,152.0,28,2,17.0,679,1,16,9998,10,63403,0,0,0,0,3,3,39,4348.57
10,118.0,32,1,4.0,328,1,7,3068,7,35767,0,0,0,0,4,2,31,3054.11
1,8.0,2,0,0.0,0,0,5,2752,10,57870,0,1,0,0,2,3,22,1695.66
8,200.5,46,3,64.0,698,0,4,3126,5,25164,0,0,1,2,3,3,29,3461.26
5,116.5,32,2,16.0,564,0,10,5832,3,17997,1,0,0,0,4,2,27,3247.08
9,117.0,32,5,89.0,1184,0,7,2632,1,9147,0,1,0,0,1,3,27,3145.98
6,104.0,22,2,16.0,354,0,6,2160,10,59055,0,0,0,0,3,3,30,2965.4
6,42.0,16,4,49.0,821,0,14,7575,10,58519,1,1,1,3,0,1,41,4607.36
3,72.0,18,0,0.0,0,1,18,8481,0,0,0,1,0,0,0,2,24,2166.71
2,80.0,10,4,81.0,579,1,17,8994,3,18536,1,0,0,0,1,0,28,3928.08
2,16.0,8,4,42.0,979,0,8,4281,2,15746,0,0,0,0,2,3,21,1776.38
1,64.0,16,2,36.0,992,0,2,673,6,22688,1,1,1,3,3,1,21,1933.93
3,84.0,12,5,42.0,1149,0,17,9026,3,20218,0,1,0,0,0,1,30,4123.65
7,86.0,26,3,100.0,671,1,12,6101,8,53570,1,1,0,0,3,2,37,4953.3
3,84.0,12,0,0.0,0,0,4,2843,7,30375,1,0,1,4,0,1,21,1501.57
10,260.0,62,0,0.0,0,0,1,919,1,1371,1,1,1,3,5,2,25,2572.28
0,0.0,0,0,0.0,0,1,0,0,6,29515,1,1,1,1,3,0,13,854.65
9,158.0,50,0,0.0,0,0,2,757,0,0,1,0,0,0,0,3,15,1868.81
0,0.0,0,2,9.0,348,1,11,5415,7,40586,1,1,0,0,5,0,27,2139.16
2,48.0,16,1,4.0,177,0,4,2037,8,43807,0,0,0,0,0,1,16,1623.63
4,144.0,22,5,58.0,1483,0,16,5483,6,15726,1,0,0,0,1,3,36,4031.53
4,72.0,12,3,104.0,891,1,1,232,7,31019,0,1,1,3,4,1,25,3368.68
1,16.0,4,1,16.0,120,1,4,2860,7,37048,1,0,1,0,4,0,19,1842.51
4,108.0,22,1,32.0,38,1,0,0,5,34059,1,1,1,3,3,1,20,2610.8
10,272.0,64,3,65.0,668,0,13,6638,4,18514,0,0,0,0,2,2,34,4653.22
10,168.0,40,0,0.0,0,0,5,1939,0,0,1,0,0,0,5,3,24,1800.86
4,104.0,24,0,0.0,0,1,8,4692,7,40152,1,1,0,0,0,1,22,2819.92
2,12.0,6,0,0.0,0,0,3,1719,4,16436,1,1,1,0,5,1,18,1001.86
0,0.0,0,2,34.0,420,0,10,6379,6,22540,1,0,0,0,3,3,25,2216.39
7,142.0,36,5,196.0,1422,0,13,6334,10,46524,0,0,0,0,4,3,42,5260.67
3,98.0,14,0,0.0,0,1,3,1524,9,38308,0,1,0,0,3,0,19,1944.76
10,236.5,64,2,34.0,747,1,10,4673,10,46592,0,0,1,2,5,1,41,4753.47
7,94.5,20,1,4.0,306,1,11,6733,7,40719,0,1,1,3,1,3,35,2758.47
1,16.0,4,2,40.0,71,1,11,5348,10,38565,1,1,0,0,4,0,30,2815.53
8,180.0,34,3,25.0,791,1,7,2696,4,17445,1,1,0,0,0,1,25,3470.56
8,234.5,56,5,48.0,1549,1,1,606,2,5993,1,0,1,3,5,1,27,3738.5
9,253.0,66,5,122.0,1276,0,2,999,7,35660,0,1,1,2,4,2,33,4677.06
8,181.5,38,0,0.0,0,1,1,384,9,62800,0,0,0,0,0,0,18,2646.44
6,84.0,20,5,99.0,1468,0,7,2942,5,36846,1,1,1,3,5,2,36,3719.85
7,128.5,42,3,56.0,498,1,19,11172,1,6122,1,0,0,0,3,2,36,5021.48
6,26.5,14,2,34.0,598,0,0,0,6,25319,0,0,1,6,3,1,25,1455.64
2,17.0,6,0,0.0,0,1,20,9767,1,6921,1,1,0,0,3,2,30,2486.12
5,50.0,20,5,50.0,1083,1,9,5636,0,0,1,0,1,2,0,3,26,3219.51
1,8.0,2,1,16.0,422,0,7,3002,0,0,1,1,0,0,0,1,12,1038.73
7,108.0,34,0,0.0,0,0,16,6886,6,37161,0,0,1,2,2,1,35,3583.22
7,123.0,28,3,37.0,900,0,14,6892,6,17146,0,1,0,0,4,3,38,4207.36
6,87.0,26,4,84.0,1324,0,20,10310,3,18611,1,0,0,0,1,3,38,3785.87
4,54.0,16,0,0.0,0,0,18,9010,10,45983,1,1,0,0,1,1,36,2733.72
3,40.0,10,5,140.0,1071,1,7,3919,1,3322,1,1,0,0,3,0,21,4188.16
1,32.0,8,2,48.0,820,0,7,3170,6,33405,0,1,0,0,1,0,18,2800.48
10,219.5,52,2,17.0,233,1,19,8459,8,49814,0,0,0,0,0,0,39,5009.54
7,78.0,28,2,32.0,805,0,12,6992,5,18085,1,1,1,1,0,0,30,2973.27
5,81.5,20,3,34.0,658,1,10,6364,9,50379,1,1,1,6,1,1,38,4012.24
4,176.0,44,2,16.0,439,0,5,2864,3,12021,0,1,1,3,2,1,22,2487.98
7,144.0,34,1,16.0,97,0,8,5074,8,46154,0,1,1,5,2,3,36,2798.63
7,36.5,16,4,82.0,1166,0,10,6069,8,38091,0,1,1,4,5,0,40,3011.89
6,80.5,22,0,0.0,0,1,13,5580,7,19632,0,1,1,3,1,1,33,1831.09
3,28.0,6,3,34.0,743,1,15,9068,6,27349,0,0,0,0,0,2,29,3529.57
0,0.0,0,5,50.0,1283,1,13,7900,7,15036,0,1,0,0,3,3,32,4065.76
0,0.0,0,4,96.0,928,1,1,450,5,14254,0,1,1,2,1,0,15,2940.82
5,44.5,18,1,64.0,129,0,6,2835,4,28782,1,0,0,0,2,1,20,2649.92
10,312.5,64,2,18.0,407,1,18,7454,4,5592,1,1,0,0,4,3,43,4971.81
3,88.0,28,5,98.0,1448,1,20,12450,4,17389,1,1,0,0,0,3,37,6350.05
6,13.5,12,2,12.0,575,0,11,6456,1,1316,1,1,0,0,4,1,27,2068.31
8,201.5,54,2,40.0,379,0,0,0,2,8397,0,0,1,1,0,3,17,2550.9
3,32.5,18,1,64.0,295,1,14,6856,0,0,0,0,0,0,4,0,22,3090.85
7,264.5,54,4,162.0,1258,1,16,8030,8,41862,0,0,1,6,4,0,46,7658.09
1,16.0,8,0,0.0,0,0,19,10532,10,36733,0,1,0,0,1,2,34,3664.84
6,144.0,26,1,64.0,357,1,9,5117,10,51470,0,1,0,0,3,2,32,4231.32
8,84.5,30,1,8.0,273,1,11,6730,6,19708,1,1,1,0,5,0,34,2635.29
1,32.0,8,0,0.0,0,1,2,1265,7,18229,1,1,0,0,0,1,13,947.84
6,160.0,30,3,52.0,424,0,12,6317,0,0,1,1,1,0,2,3,29,2936.4
2,20.0,10,4,89.0,833,0,4,2088,10,54722,1,1,0,0,3,0,25,3140.77
1,1.0,2,2,96.0,667,0,14,8034,9,35206,0,0,1,0,5,2,34,3114.85
4,97.0,22,1,64.0,176,1,20,9652,2,15930,0,1,1,6,4,0,39,4909.84
0,0.0,0,3,33.0,267,1,15,8344,6,27141,1,0,0,0,2,2,29,3076.14
9,141.0,24,1,2.0,376,0,7,4559,9,41555,1,0,0,0,3,0,30,3308.59
10,225.0,66,4,68.0,769,0,10,5025,9,49686,1,1,0,0,2,2,39,4937.2
9,188.0,46,1,8.0,136,0,3,1495,2,11556,1,0,0,0,5,3,24,2359.54
9,138.5,38,0,0.0,0,0,19,9786,10,51590,1,0,1,6,5,2,53,4660.24
9,185.5,34,1,32.0,89,0,10,5008,4,21840,0,1,0,0,0,1,26,2839.54
8,74.5,18,3,42.0,809,1,12,4768,0,0,1,1,1,2,0,3,31,3389.82
10,111.5,40,3,14.0,712,0,13,4505,1,2821,1,0,0,0,5,1,34,3017.66
8,156.5,32,1,8.0,207,0,6,3905,4,16131,1,0,1,2,0,0,23,2011.24
4,32.0,10,0,0.0,0,0,10,4673,10,52084,1,0,0,0,2,0,27,2891.52
9,280.0,70,4,39.0,1153,0,11,6786,9,46288,1,1,0,0,0,2,37,5541.24
8,225.0,56,4,84.0,1454,0,20,10075,10,48154,1,0,0,0,4,3,50,5666.9
0,0.0,0,1,2.0,271,1,3,1009,10,45338,0,0,1,5,1,1,22,977.82
3,192.0,40,3,25.0,317,0,16,7978,6,23385,0,0,0,0,1,2,31,4074.47
6,104.0,34,0,0.0,0,1,18,7898,5,25934,0,0,1,3,4,1,38,3729.5
3,72.0,16,4,160.0,1122,1,0,0,5,36632,0,1,1,1,1,1,17,4211.38
0,0.0,0,5,24.0,1069,0,4,2525,1,7542,1,1,1,1,5,0,19,922.68
5,43.0,12,5,169.0,1352,0,2,1220,7,28276,1,0,1,0,2,3,26,2815.14
0,0.0,0,5,104.0,1390,0,8,4581,10,34768,1,1,0,0,5,0,30,2847.72
5,64.0,18,0,0.0,0,1,0,0,7,39779,1,1,1,4,1,3,23,1556.92
0,0.0,0,2,16.0,636,1,0,0,1,2357,0,1,1,6,5,0,16,661.23
4,108.0,24,2,48.0,557,1,17,8605,0,0,0,1,0,0,2,1,27,3477.38
0,0.0,0,5,90.0,1545,1,6,3047,7,31427,1,1,0,0,4,2,26,3879.83
2,20.0,4,3,48.0,1124,0,13,6436,4,20042,1,0,0,0,0,1,24,2042.34
9,172.5,32,5,160.0,844,1,15,8757,0,0,1,0,0,0,3,2,35,6679.43
1,16.0,4,2,16.0,457,1,12,6191,4,11613,0,1,1,0,0,3,24,2148.19
2,6.0,4,1,8.0,85,1,4,2679,1,1303,0,0,1,5,0,0,14,838.42
7,138.0,34,1,32.0,493,0,16,8566,6,24852,1,0,1,2,0,2,36,3665.45
5,148.0,34,2,40.0,114,1,16,8773,1,473,1,1,0,0,3,1,30,4313.43
9,245.0,60,5,128.0,1074,0,14,6393,8,52140,0,1,1,3,1,2,44,5908.56
10,297.0,82,1,16.0,30,0,1,343,9,64318,1,0,0,0,2,1,25,4638.94
9,150.5,32,2,24.0,505,1,16,9085,6,24385,0,1,0,0,4,1,39,3732.98
4,60.0,16,2,10.0,279,0,15,9361,9,41603,0,1,0,0,3,2,36,3353.79
0,0.0,0,4,60.0,828,1,14,7692,7,34607,1,0,1,4,0,0,31,4107.22
7,77.0,20,5,144.0,1688,1,16,8315,4,12910,0,0,1,6,5,2,46,6160.22
3,10.5,6,3,32.0,956,0,19,7442,0,0,0,1,1,4,0,3,34,2472.49
9,277.5,50,5,84.0,1419,0,6,2364,4,12747,1,1,1,1,5,3,36,4755.67
9,156.0,42,3,73.0,1062,0,10,6419,1,2945,1,1,0,0,5,1,31,3943.1
3,42.0,12,5,72.0,1697,0,7,2477,6,39632,1,0,0,0,5,3,30,2558.37
4,70.0,12,0,0.0,0,1,12,5730,4,24526,1,0,0,0,2,0,23,1934.81
4,106.0,16,4,15.0,1513,0,2,1233,8,49245,0,1,1,5,1,3,29,2241.53
9,117.5,34,5,80.0,1299,0,9,3419,5,20903,1,1,1,0,4,2,37,3403.58
6,168.0,42,4,138.0,1151,0,19,11784,3,10486,0,1,1,2,3,1,40,5315.0
10,226.0,54,2,33.0,290,1,3,1985,9,43522,0,0,0,0,0,1,25,3896.59
7,202.5,30,5,65.0,1604,1,13,5323,0,0,0,0,1,1,1,0,28,4342.41
3,80.0,12,3,13.0,716,1,4,2554,2,16516,0,0,0,0,2,2,16,2011.4
5,92.0,24,4,48.0,1372,0,5,1414,2,11091,0,1,0,0,3,0,20,1719.91
1,16.0,4,4,88.0,1016,1,8,5211,4,15938,1,0,1,5,4,1,29,4576.59
10,133.0,28,2,40.0,878,0,10,3779,5,25554,1,0,1,0,2,0,31,3168.78
3,21.0,8,4,30.0,1263,1,17,7305,10,60146,1,0,1,5,1,3,45,4181.25
10,188.0,38,2,24.0,701,1,15,6140,2,9525,0,1,1,2,0,3,36,3227.94
6,88.0,20,1,16.0,441,1,7,2900,0,0,0,1,1,5,1,3,25,1918.21
0,0.0,0,0,0.0,0,0,1,949,9,31326,0,0,0,0,2,1,13,777.89
10,356.0,72,4,80.0,808,0,18,9975,10,52361,0,1,1,6,2,0,52,7064.61
0,0.0,0,5,96.0,943,1,7,3943,6,25830,1,1,1,3,4,1,29,4256.25
7,161.0,44,2,34.0,608,0,16,9380,8,42858,1,0,1,1,5,0,41,4834.95
0,0.0,0,0,0.0,0,1,15,8302,1,2399,0,1,1,2,3,2,25,2682.74
3,136.0,26,2,17.0,677,0,12,7625,10,65726,1,0,0,0,5,1,34,4407.92
0,0.0,0,2,64.0,481,1,2,774,2,11547,0,0,0,0,1,1,8,1843.24
7,79.0,22,4,69.0,1422,1,8,4745,0,0,0,1,1,4,3,1,29,3827.66
0,0.0,0,2,34.0,549,1,16,8359,10,60458,0,0,1,3,4,1,37,4322.96
9,120.0,38,4,24.0,946,1,17,6149,1,8819,0,0,0,0,0,3,34,3220.92
7,100.0,24,1,1.0,325,0,13,7287,5,16049,0,1,0,0,2,3,32,3066.69
3,24.0,8,0,0.0,0,1,12,5320,0,0,1,1,1,3,1,0,22,1413.14
1,16.0,2,3,36.0,807,0,0,0,8,28063,0,1,1,2,4,1,21,1287.75
3,36.0,8,1,16.0,123,0,8,5019,2,4997,1,1,1,3,2,3,25,1652.31
6,137.0,26,0,0.0,0,1,20,10780,10,47413,1,0,0,0,1,2,40,4189.54
0,0.0,0,0,0.0,0,0,17,10663,1,1561,0,1,0,0,5,1,25,1607.73
9,156.0,40,2,5.0,376,0,1,921,1,4204,0,1,0,0,3,0,17,1753.59
0,0.0,0,4,51.0,1188,0,18,9662,0,0,1,0,0,0,1,3,27,2665.43
1,8.0,2,5,176.0,1765,0,15,6747,6,28502,0,0,0,0,4,3,34,3874.25
4,52.0,18,4,144.0,974,1,5,2166,1,8252,0,1,1,1,4,0,21,4814.76
5,86.0,24,0,0.0,0,0,16,7188,0,0,0,1,0,0,0,0,22,2464.02
8,96.5,32,0,0.0,0,0,19,11359,3,12351,0,1,1,5,0,3,40,4422.76
1,8.0,2,0,0.0,0,0,16,7688,4,20792,1,1,0,0,1,0,24,1792.79
4,13.5,10,4,100.0,1038,0,10,5136,9,34095,0,1,0,0,0,3,31,2858.49
10,234.0,46,1,1.0,162,0,20,9691,2,6354,0,0,1,0,4,1,39,3272.63
7,136.0,40,5,109.0,1053,1,2,701,8,43724,1,0,1,0,2,0,26,5201.49
7,180.0,34,1,64.0,417,1,0,0,10,38292,1,0,0,0,2,0,21,3453.36
3,100.0,18,2,18.0,868,1,5,4504,2,12374,1,1,1,1,1,3,20,2359.13
8,126.5,42,0,0.0,0,0,8,3375,1,9158,1,0,0,0,0,0,18,2206.66
0,0.0,0,5,161.0,824,1,17,6262,3,13307,0,1,1,3,3,1,34,5137.51
3,81.0,26,5,110.0,1451,0,15,5395,2,7794,0,1,0,0,0,2,28,3897.78
10,220.5,48,4,152.0,1518,0,20,10312,1,1495,0,1,1,1,1,2,41,5024.15
1,16.0,8,0,0.0,0,0,19,8743,8,45013,1,0,1,6,4,0,40,2803.41
6,84.5,28,2,9.0,696,0,3,775,9,42376,0,1,1,5,0,1,28,1918.74
5,176.0,44,3,44.0,765,1,19,8837,3,12745,1,1,0,0,5,0,37,5935.1
2,66.0,18,4,112.0,1261,0,18,7953,10,55371,1,1,0,0,3,0,39,5714.77
10,194.0,48,1,1.0,426,1,19,8199,5,29743,0,1,0,0,4,2,42,4512.43
7,182.0,32,5,114.0,1606,1,8,4065,9,50638,0,1,1,6,1,3,41,5628.11
6,106.0,26,3,42.0,822,1,13,8217,2,11785,0,0,1,0,5,2,32,4253.66
10,235.0,46,5,80.0,1250,1,14,7479,2,10381,1,1,0,0,0,2,35,5194.6
8,146.5,38,0,0.0,0,0,14,7833,9,30287,0,1,0,0,0,1,33,4868.04
2,72.0,10,4,144.0,392,1,17,9502,10,50371,1,1,0,0,2,1,38,6376.91
9,152.0,40,2,48.0,247,0,20,7693,7,34659,1,1,1,4,2,3,50,5023.5
1,4.0,2,0,0.0,0,1,5,2643,7,29251,0,1,0,0,3,1,18,986.04
3,32.5,10,3,100.0,1050,1,1,321,10,48934,1,1,1,2,3,2,27,3535.83
5,70.0,16,4,96.0,764,1,8,3882,10,35089,1,0,0,0,1,0,29,4518.45
4,56.0,16,0,0.0,0,1,3,2477,6,19102,0,0,0,0,2,3,18,1257.14
1,32.0,8,4,128.0,1023,0,19,10619,10,55340,0,1,1,1,4,1,42,4886.98
1,32.0,8,0,0.0,0,0,9,3043,4,26886,0,0,0,0,5,0,19,2066.1
6,172.5,38,1,64.0,316,0,11,5898,3,14172,1,1,1,4,5,0,33,3905.59
1,2.0,2,3,37.0,847,1,6,2864,4,16853,1,0,1,0,4,0,20,2705.68
5,43.5,16,4,20.0,1187,1,11,6147,8,38246,1,0,1,4,4,0,38,3031.26
8,202.5,44,2,96.0,333,0,17,11334,2,14736,0,0,1,0,1,2,33,4410.07
4,41.0,10,3,74.0,1199,0,5,2249,0,0,0,1,0,0,0,1,14,1677.97
1,8.0,4,3,5.0,730,1,9,4328,3,7721,0,0,0,0,3,3,22,1278.86
0,0.0,0,4,74.0,769,1,12,5800,3,21888,1,1,1,6,1,0,29,3337.78
9,130.5,42,5,129.0,1091,0,8,3028,7,41010,0,1,0,0,4,0,34,4371.9
4,34.0,10,4,120.0,925,0,18,9968,1,9997,1,1,0,0,4,2,35,3760.29
0,0.0,0,2,48.0,125,0,20,7240,9,54802,0,0,1,2,1,1,36,3300.59
4,25.0,10,3,68.0,764,1,9,5421,9,46337,0,0,0,0,4,3,32,3809.74
5,39.0,14,3,66.0,624,0,9,4670,10,43894,1,1,0,0,1,0,30,3207.97
10,225.5,50,3,56.0,1033,0,3,1310,7,27734,0,0,0,0,5,3,31,3164.22
3,88.0,26,4,35.0,832,1,18,9165,9,37030,1,1,1,2,1,3,43,4801.89
4,36.0,12,5,112.0,1116,1,4,944,1,8507,0,1,1,6,1,2,25,3666.11
9,176.0,38,5,88.0,1329,0,13,6655,7,32396,1,1,0,0,2,3,41,4440.49
7,176.0,34,3,37.0,957,0,14,7476,9,32458,0,0,0,0,3,0,36,3120.2
0,0.0,0,0,0.0,0,0,20,9911,10,60457,1,1,1,6,4,3,46,3711.52
9,134.5,34,0,0.0,0,0,12,3982,4,24718,0,0,0,0,3,2,30,3139.2
8,45.0,20,3,65.0,1014,0,14,7498,2,9002,0,0,0,0,1,0,28,3184.31
10,304.0,72,4,60.0,821,1,1,588,4,27742,0,0,1,6,2,3,31,5336.38
3,52.0,8,5,54.0,1846,0,14,5235,5,20055,1,0,0,0,3,1,32,3096.87
1,1.0,2,0,0.0,0,0,11,6152,1,7059,0,0,0,0,5,1,19,1110.92
0,0.0,0,2,9.0,311,1,17,7631,6,34751,1,0,1,1,3,0,31,3330.94
3,82.0,22,1,32.0,477,0,13,6571,9,38663,1,1,1,4,3,3,39,3490.01
9,202.5,48,5,51.0,1014,0,3,1108,8,31214,1,1,0,0,4,1,32,3684.91
8,61.0,24,2,40.0,268,0,19,8382,2,5295,0,0,1,5,4,0,41,3540.9
3,52.0,12,5,57.0,1280,0,17,8612,1,4314,0,0,1,1,3,2,33,3140.67
5,120.5,32,5,44.0,1601,1,16,7743,2,8714,1,1,1,4,1,0,36,4421.48
1,32.0,8,1,1.0,58,0,15,6374,9,42731,0,1,0,0,0,3,30,2659.67
0,0.0,0,2,17.0,837,0,3,2490,10,53021,1,0,0,0,2,0,18,1758.63
3,64.0,16,2,32.0,640,0,1,612,8,46943,0,1,1,6,2,0,24,2038.34
3,72.5,22,1,16.0,415,1,6,2442,4,18816,0,0,1,6,0,1,22,1787.53
1,32.0,8,5,68.0,1529,1,5,2660,10,51175,1,1,0,0,1,2,26,4099.23
9,96.0,32,1,32.0,494,0,7,4557,1,7309,1,1,0,0,0,3,23,2465.3
1,64.0,8,3,98.0,540,0,9,5496,9,41447,1,1,1,5,5,3,38,3936.54
2,16.5,6,5,58.0,1160,0,3,1897,8,41571,0,0,0,0,1,2,21,1991.1
1,32.0,8,0,0.0,0,1,1,930,2,8177,0,0,0,0,1,3,8,634.53
5,164.0,42,5,124.0,1204,1,13,4824,3,14717,1,1,0,0,2,3,33,5632.9
2,24.0,6,3,17.0,926,1,3,1096,7,45380,0,1,0,0,4,3,23,2324.12
5,136.0,28,1,8.0,34,1,16,7050,3,13887,1,0,0,0,4,1,31,3024.47
3,48.5,14,4,176.0,694,1,6,2677,5,15529,1,0,0,0,2,1,22,5165.39
9,277.0,52,3,98.0,881,1,0,0,3,17138,1,0,1,3,0,3,23,4905.27
5,160.0,40,4,96.0,1712,1,20,9708,4,20490,1,0,1,0,0,2,37,6535.96
4,25.0,8,3,32.0,374,0,9,5458,10,45663,0,1,0,0,1,1,29,2317.24
3,25.0,12,0,0.0,0,0,3,1565,9,37806,0,1,1,0,2,0,19,1051.75
1,4.0,2,0,0.0,0,1,8,4219,2,12920,1,1,1,2,3,3,22,1354.21
1,0.5,2,3,34.0,917,1,0,0,0,0,1,1,1,6,5,2,20,1139.41
1,32.0,8,1,32.0,374,1,7,2188,0,0,0,0,1,0,4,1,15,1612.76
5,94.0,30,3,48.0,688,1,16,5860,10,52571,1,1,1,1,5,3,46,5053.99
9,156.0,30,0,0.0,0,0,0,0,7,53359,1,1,0,0,3,1,22,2290.24
0,0.0,0,1,1.0,492,0,8,5343,10,37813,0,0,0,0,5,2,26,1280.96
1,8.0,2,4,25.0,1446,1,7,2537,5,27134,0,0,1,5,5,3,31,2044.44
3,64.5,14,3,26.0,360,1,8,2484,7,8861,1,1,1,2,3,0,29,2242.39
1,4.0,2,0,0.0,0,0,11,4717,7,39741,0,1,0,0,4,2,26,1937.28
9,246.0,42,3,28.0,1316,1,1,147,0,0,0,0,1,2,5,3,24,2599.83
10,251.0,52,1,8.0,315,1,7,3089,4,15165,1,1,1,5,5,1,36,3403.76
4,96.5,28,1,64.0,434,1,13,6749,0,0,0,0,1,0,5,1,25,3443.01
2,36.0,6,2,9.0,563,0,3,615,5,24475,1,1,1,6,3,1,25,1447.83
1,0.5,2,4,80.0,983,1,18,8079,6,35371,0,0,1,3,2,3,38,4747.85
0,0.0,0,1,32.0,277,0,15,7816,9,49247,0,1,1,4,5,0,36,3031.74
4,144.5,26,5,137.0,971,1,13,7192,3,15346,0,0,1,6,1,3,36,5733.26
2,64.5,18,0,0.0,0,1,2,1857,9,55482,1,0,1,6,1,0,22,2360.41
2,72.0,18,1,8.0,273,0,9,4348,8,45694,0,1,0,0,4,1,26,2846.7
1,8.0,2,5,184.0,926,1,9,6275,6,41184,0,0,1,2,0,0,24,5135.51
3,72.0,14,3,34.0,814,1,16,7941,1,5344,1,0,0,0,2,3,29,2558.54
6,104.0,28,1,1.0,219,1,1,74,0,0,0,1,0,0,2,3,14,1116.25
5,52.0,18,4,76.0,1390,0,17,7782,1,4556,1,1,1,1,5,1,37,4163.88
9,253.0,54,5,28.0,1022,1,9,2851,3,16921,0,1,0,0,2,3,32,3823.02
7,145.0,42,2,40.0,487,0,8,3694,6,32453,0,0,1,3,0,2,29,3096.92
0,0.0,0,4,98.0,898,1,16,9170,6,34967,1,1,1,0,5,2,36,4660.04
7,127.0,32,2,48.0,661,0,12,8675,9,48334,0,1,0,0,5,0,36,4321.52
9,142.0,36,1,64.0,145,0,11,6071,7,31900,0,0,1,6,3,0,38,3195.4
5,152.5,42,1,2.0,78,0,19,9277,1,9722,0,0,0,0,2,2,30,3729.6
7,134.0,38,3,80.0,1111,0,0,0,1,6230,0,0,0,0,1,2,14,2176.35
5,112.0,26,5,114.0,1149,1,14,5705,3,12043,0,1,1,4,3,3,39,4301.77
10,146.5,42,5,121.0,1381,1,9,4756,8,52965,0,1,1,0,4,0,38,5603.11
10,224.5,58,5,36.0,1105,1,4,2682,1,1114,0,1,0,0,3,2,26,3263.9
6,94.5,32,5,50.0,1302,0,17,7946,6,34157,1,1,0,0,1,0,37,2962.82
3,48.0,10,3,28.0,411,0,13,7188,8,42104,0,1,0,0,0,3,31,3125.54
9,190.0,40,1,1.0,87,0,0,0,5,12758,0,0,0,0,5,0,20,1718.42
3,25.0,6,1,2.0,416,0,20,11547,3,15168,1,1,1,1,3,2,36,3309.98
8,126.0,26,0,0.0,0,1,0,0,0,0,1,1,1,2,5,1,19,1015.34
10,197.0,52,3,44.0,644,0,5,2862,0,0,0,1,1,1,1,3,25,2716.47
3,69.0,20,2,64.0,585,1,13,7313,0,0,1,1,1,0,3,2,26,3823.63
3,112.0,20,5,97.0,1362,1,10,5370,6,30842,0,0,1,4,5,0,34,4466.59
0,0.0,0,1,8.0,54,1,11,7322,5,16657,1,1,1,0,4,0,24,1912.5
0,0.0,0,1,8.0,188,1,1,665,1,5663,0,0,0,0,4,3,10,509.57
3,40.5,12,0,0.0,0,0,1,996,8,45255,1,0,0,0,0,0,13,1360.17
2,72.0,12,1,32.0,117,1,8,5642,2,8388,0,0,1,0,1,1,16,3027.6
2,72.0,12,0,0.0,0,1,2,579,10,46570,0,0,1,0,5,2,22,1429.34
3,76.0,20,3,72.0,452,0,5,2391,1,7960,1,0,1,6,3,1,24,2496.33
6,125.0,24,5,93.0,1466,1,3,1251,8,33410,1,1,1,4,0,3,32,3968.22
6,90.0,18,4,51.0,1240,1,19,11488,1,8825,0,0,0,0,0,0,30,4500.21
6,46.0,20,5,288.0,686,0,9,5732,10,53479,0,0,0,0,0,3,33,4958.94
5,140.0,24,4,83.0,902,0,17,9080,7,24141,0,0,1,5,5,2,46,5275.72
0,0.0,0,3,28.0,500,1,17,8491,3,22604,0,1,1,1,5,1,32,3058.26
0,0.0,0,4,41.0,1053,1,9,5220,5,24580,0,1,1,1,5,0,26,2556.07
5,68.0,20,0,0.0,0,0,8,4051,2,10547,1,0,0,0,1,3,20,2336.99
1,32.0,8,5,76.0,855,1,4,2448,8,34013,1,1,1,4,5,1,31,4076.1
6,164.0,26,1,16.0,415,0,12,5647,3,13401,0,0,1,5,1,3,32,2749.22
0,0.0,0,4,108.0,779,0,5,1981,9,33671,0,1,1,6,4,2,32,2607.98
2,1.5,4,5,97.0,896,1,16,8988,9,31025,0,0,1,6,2,0,41,5414.03
5,144.0,34,0,0.0,0,0,10,5564,1,8763,0,1,0,0,0,2,19,2641.66
4,27.0,12,3,66.0,749,0,18,11082,1,8191,1,0,1,1,0,0,29,3347.45
9,64.0,20,3,22.0,538,1,0,0,4,14888,0,0,1,1,0,1,19,1544.61
5,110.0,26,0,0.0,0,0,18,9654,3,13413,0,1,0,0,4,2,33,3465.3
1,1.0,2,3,88.0,436,0,14,8921,8,35271,0,0,0,0,4,2,32,3249.19
0,0.0,0,1,16.0,160,0,1,407,3,15437,1,0,0,0,2,2,10,574.81
10,182.5,40,4,58.0,1424,0,13,5625,9,35321,1,1,0,0,1,2,41,3706.85
5,116.0,32,5,178.0,1365,1,1,12,1,6802,1,0,1,2,3,1,20,5249.31
5,120.0,26,4,42.0,974,0,3,1557,9,56189,1,1,0,0,2,3,28,3186.57
0,0.0,0,1,64.0,317,0,5,1304,2,6760,0,0,1,5,5,0,19,938.68
6,118.0,26,2,80.0,476,0,18,8959,2,13150,1,1,1,6,4,3,44,3914.92
2,96.0,24,3,56.0,521,0,16,8118,3,17064,1,0,0,0,1,3,29,3785.66
7,148.0,36,1,4.0,86,0,18,8861,6,27271,1,0,0,0,1,2,36,3899.3
4,32.5,12,4,148.0,1338,1,8,3531,9,37889,0,1,1,0,4,2,33,4847.32
2,48.0,12,3,50.0,713,0,4,2146,3,8669,0,1,0,0,2,1,16,1247.94
3,69.0,12,3,44.0,397,1,1,861,8,43743,1,0,0,0,3,1,20,3040.74
8,137.0,32,3,24.0,704,1,1,858,8,47782,0,1,0,0,0,3,24,2855.36
7,105.5,26,0,0.0,0,1,10,4544,6,23405,1,1,0,0,3,1,29,2194.74
4,144.0,36,2,33.0,93,1,2,1336,7,22553,0,1,0,0,4,3,23,3100.89
10,196.5,52,5,92.0,1220,0,11,5006,1,5317,0,1,0,0,5,2,35,4125.64
10,234.5,50,5,130.0,890,0,5,1042,9,45042,0,1,0,0,5,3,38,4520.9
0,0.0,0,4,168.0,1288,0,13,6555,0,0,1,0,1,4,3,2,28,3156.73
9,195.0,52,2,24.0,680,1,9,3488,4,6787,0,0,1,4,4,2,35,3566.52
8,184.5,32,5,104.0,1359,0,3,1430,4,11899,1,1,0,0,1,0,23,2828.85
1,4.0,2,2,48.0,808,1,14,5786,1,7510,1,0,1,5,4,1,30,3465.3
1,2.0,2,3,7.0,1033,0,17,9243,6,30208,0,0,0,0,4,3,34,1952.37
10,195.5,40,5,120.0,1132,1,4,2428,4,28315,0,0,1,5,2,2,33,5653.64
7,60.0,24,2,24.0,640,1,17,9754,10,46251,0,1,0,0,3,3,43,4641.13
6,88.0,28,4,52.0,723,1,12,5643,3,8147,1,0,1,5,5,1,38,4334.33
6,120.0,28,1,1.0,408,1,7,2789,5,30269,0,0,0,0,0,0,19,2158.18
8,133.0,34,3,41.0,1177,0,8,4365,1,2961,1,0,0,0,5,2,28,2691.54
1,0.5,2,4,40.0,1127,1,13,5595,9,38611,0,1,1,5,3,2,39,3510.98
5,163.0,36,1,64.0,359,0,12,6040,9,29865,0,1,1,2,5,1,37,3822.92
6,200.0,46,4,51.0,1319,0,6,2372,5,21718,1,0,0,0,2,0,24,3405.71
9,63.0,20,4,120.0,420,1,15,6756,2,15813,0,0,1,5,1,3,40,5820.69
9,125.5,28,1,1.0,166,0,5,3242,4,20469,1,0,1,0,4,2,27,2501.13
3,48.5,12,0,0.0,0,0,2,1262,5,23671,0,0,0,0,0,1,11,929.15
4,114.0,30,4,21.0,919,0,1,138,7,37949,0,1,0,0,0,0,17,1990.5
3,42.0,12,0,0.0,0,0,17,8904,1,5181,0,1,1,6,2,2,33,1758.17
4,30.0,14,2,34.0,387,0,12,6582,2,13265,0,0,0,0,1,3,24,2707.34
5,136.0,26,2,34.0,694,1,13,5327,6,23777,1,1,0,0,2,3,33,4068.93
2,64.0,16,0,0.0,0,0,11,4952,1,6331,0,1,0,0,4,3,22,1990.32
4,64.0,16,2,72.0,485,1,14,6764,3,17122,1,1,0,0,1,0,26,3733.57
10,284.0,56,0,0.0,0,0,1,735,4,34681,0,0,1,3,2,0,21,3127.3
8,198.0,44,1,8.0,388,0,6,4182,2,5861,0,1,1,4,2,1,26,3046.27
3,28.0,10,0,0.0,0,1,18,8531,10,63742,1,1,0,0,3,2,38,4315.43
0,0.0,0,5,74.0,1768,0,12,6362,0,0,0,1,1,5,2,3,29,2013.03
8,110.5,34,2,96.0,341,1,16,5678,1,9464,0,0,0,0,2,0,29,3792.13
6,72.5,24,1,32.0,190,0,17,9646,1,718,0,0,0,0,3,1,29,3024.58
0,0.0,0,4,80.0,1243,0,19,8198,4,17874,1,1,0,0,3,2,34,3642.36
5,37.5,12,5,83.0,1827,0,19,9948,7,33633,1,1,1,3,4,2,48,4663.24
0,0.0,0,0,0.0,0,0,14,7409,5,18201,0,0,1,2,5,1,28,1992.79
5,124.0,30,1,32.0,309,1,8,4175,0,0,0,1,1,1,2,2,21,2737.65
0,0.0,0,3,36.0,822,0,7,2297,1,4915,1,0,1,5,0,3,21,1673.11
9,106.0,36,2,48.0,175,0,1,459,4,15311,0,0,0,0,0,3,19,1931.3
9,188.5,36,5,46.0,1115,0,19,10211,9,42570,0,1,1,3,5,2,54,5455.35
1,32.0,4,2,12.0,575,1,3,195,1,8989,1,1,0,0,3,0,12,953.67
5,104.0,28,1,4.0,50,1,2,1402,5,20420,0,0,1,5,4,2,25,1719.86
4,56.0,18,3,81.0,528,0,18,9235,8,29592,0,0,1,2,5,2,43,3894.16
5,112.0,18,5,152.0,1309,0,12,5400,0,0,0,0,1,0,3,3,29,3497.06
3,88.0,24,5,120.0,841,1,15,7464,5,23329,0,1,1,1,2,2,35,5343.21
8,170.0,30,1,64.0,407,1,19,9501,7,34513,0,0,1,2,2,0,40,4535.84
1,4.0,2,0,0.0,0,1,12,6724,8,42118,0,0,0,0,0,0,21,2850.71
4,76.0,20,1,2.0,137,1,0,0,3,18033,1,1,1,6,4,1,22,1315.24
2,32.0,8,4,97.0,1122,1,14,6612,8,38082,1,1,0,0,2,1,33,5433.66
10,167.0,40,2,40.0,648,0,11,6156,2,10005,0,1,1,2,2,3,34,3663.34
4,152.0,42,2,40.0,185,1,7,4905,5,29994,0,0,0,0,0,1,19,4555.68
5,200.0,36,4,24.0,669,1,15,6611,3,20225,0,0,1,1,0,1,30,4021.34
1,2.0,2,3,28.0,686,0,2,764,3,15820,1,1,0,0,1,0,12,1238.85
8,216.0,48,1,64.0,481,0,0,0,2,4148,1,1,0,0,5,3,21,2873.78
6,160.0,28,0,0.0,0,0,1,193,2,16399,1,0,0,0,0,3,13,1796.27
7,42.0,16,1,64.0,438,1,3,1594,10,39860,1,0,1,3,1,0,27,2974.87
5,102.0,28,4,101.0,1131,0,14,8415,0,0,1,1,0,0,5,2,32,4400.14
8,145.5,36,3,20.0,715,1,1,323,1,2759,1,0,1,5,4,1,25,2205.94
8,168.0,38,5,130.0,1129,0,0,0,10,40549,1,0,0,0,0,3,27,3930.39
0,0.0,0,2,24.0,699,1,9,3728,1,3654,1,0,0,0,4,0,17,1755.43
10,274.5,58,5,22.0,1677,0,3,1081,0,0,0,0,0,0,5,3,26,2805.7
9,133.0,34,1,8.0,498,0,16,8984,3,16856,1,1,0,0,4,1,36,5100.68
4,22.0,10,0,0.0,0,1,2,694,9,38462,1,0,0,0,3,0,19,1257.05
1,16.0,8,4,120.0,595,1,18,7779,1,171,1,0,0,0,3,0,28,4797.44
6,38.5,14,3,50.0,1144,0,6,3035,8,29845,0,1,0,0,1,2,27,2492.4
0,0.0,0,3,144.0,1251,0,0,0,4,18042,1,1,0,0,2,1,12,1939.6
7,151.0,40,1,64.0,75,1,7,4905,0,0,0,0,0,0,0,1,16,3212.81
7,88.0,20,1,32.0,340,0,7,3663,0,0,1,1,0,0,3,1,21,2230.11
4,88.0,22,2,10.0,761,1,9,4554,6,32223,0,1,0,0,1,0,23,2905.76
8,89.0,30,2,17.0,754,0,5,2766,3,15104,1,0,1,4,1,0,25,1990.54
7,96.5,28,3,36.0,862,0,17,7488,8,41835,0,1,1,4,2,3,46,4861.76
6,108.0,30,2,17.0,726,1,0,0,8,35202,1,1,1,0,5,0,24,2540.24
9,144.0,42,1,32.0,248,1,4,2245,10,34275,1,0,1,6,4,0,36,3169.63
9,196.0,48,2,10.0,683,0,19,8557,0,0,0,0,1,2,5,3,41,3215.23
0,0.0,0,4,148.0,922,1,10,3922,6,22216,1,1,0,0,3,2,27,4843.18
9,130.0,34,5,128.0,787,0,12,4858,10,60789,0,0,1,5,3,3,48,5133.14
2,72.0,10,4,72.0,584,1,12,6393,2,3719,0,0,1,6,5,3,35,3784.96
2,96.0,24,3,16.0,1052,1,7,3327,5,27551,1,1,1,2,3,2,27,2657.74
3,44.0,12,2,66.0,199,0,17,9356,0,0,0,1,0,0,3,3,29,2489.94
3,52.0,10,1,4.0,124,1,14,6352,9,39642,0,1,0,0,3,3,34,2913.64
2,36.0,10,5,112.0,1715,0,13,5732,3,13658,1,1,1,2,3,2,33,2839.12
6,117.5,30,4,129.0,1165,1,0,0,5,13505,1,1,1,6,2,2,28,4414.88
4,101.0,28,5,94.0,1345,0,6,3225,3,12694,0,0,1,3,5,2,29,2780.51
7,120.0,38,2,10.0,342,0,19,10200,4,19699,1,1,0,0,1,1,36,4682.31
9,154.0,38,2,128.0,605,1,16,10370,2,7322,0,0,1,1,1,2,34,5556.27
0,0.0,0,1,1.0,454,1,1,231,3,7781,1,1,1,3,5,2,18,483.94
0,0.0,0,3,100.0,894,1,14,8563,3,12137,1,1,1,1,1,3,28,4868.18
6,132.5,36,0,0.0,0,1,6,3266,0,0,0,0,1,2,5,0,20,1758.67
3,98.0,26,0,0.0,0,0,13,6768,7,32562,1,0,0,0,3,2,29,2968.11
4,120.0,16,5,21.0,1580,0,1,181,8,42372,1,1,1,3,5,3,32,2274.89
2,24.0,6,3,112.0,315,0,17,7838,3,7090,1,0,0,0,1,0,27,3502.65
6,196.0,50,1,1.0,450,1,20,12512,10,45278,0,0,1,5,1,3,47,6029.76
10,236.5,62,3,12.0,1203,1,19,9976,1,9198,1,0,0,0,0,3,37,5899.74
10,194.0,50,1,32.0,170,1,0,0,4,24558,1,1,1,0,0,0,18,3271.84
7,40.0,22,1,32.0,433,0,10,4542,1,3250,0,1,0,0,5,1,26,2003.53
0,0.0,0,5,38.0,1472,0,0,0,0,0,1,1,0,0,4,0,11,854.21
10,258.0,52,5,102.0,845,1,20,11973,9,47145,0,0,1,5,1,1,52,7313.25
10,221.0,60,0,0.0,0,1,16,8854,9,47611,0,1,0,0,4,1,41,5430.19
0,0.0,0,3,64.0,337,0,16,7526,4,16039,1,0,1,2,3,2,32,3235.42
9,168.5,34,4,137.0,1063,1,17,7564,9,35110,0,0,0,0,4,2,45,6070.67
0,0.0,0,1,32.0,69,0,20,7567,5,25011,1,1,0,0,1,1,30,4091.67
4,52.0,14,4,114.0,1056,1,12,5819,8,36780,0,0,0,0,1,2,31,4628.63
4,49.5,16,2,48.0,730,1,14,8384,5,15402,1,0,0,0,5,2,33,4065.02
5,116.0,28,0,0.0,0,1,18,10339,6,22964,0,1,0,0,5,1,36,3027.81
9,212.5,52,5,114.0,1869,1,6,2342,10,45290,0,0,0,0,1,1,32,5822.68
5,87.0,30,1,8.0,218,1,10,5540,9,46835,0,0,0,0,0,0,25,3463.92
3,64.0,14,3,88.0,1023,1,17,7856,8,42892,0,1,0,0,5,1,38,5616.64
8,130.0,30,4,129.0,1053,1,8,3756,6,41924,1,1,1,1,1,0,31,5089.13
8,192.0,46,2,40.0,604,1,16,7410,4,20591,1,1,1,4,1,0,38,4609.94
7,242.0,66,0,0.0,0,1,9,5502,1,6026,0,1,0,0,2,0,20,2802.05
0,0.0,0,3,11.0,1064,0,1,288,8,38279,0,1,1,2,5,1,22,1083.0
10,268.0,46,1,8.0,259,1,15,7331,9,34102,0,0,0,0,4,3,42,4050.7
3,40.0,10,4,106.0,1177,0,11,4497,0,0,1,0,0,0,0,0,19,3201.89
0,0.0,0,4,53.0,1496,0,3,760,0,0,0,0,0,0,4,2,13,1029.53
9,139.5,50,2,48.0,513,0,12,7257,6,29151,0,0,0,0,2,0,31,4221.5
4,65.0,14,2,128.0,506,0,19,10852,9,55851,0,0,1,6,1,3,45,4841.92
0,0.0,0,4,26.0,1042,1,1,633,9,42894,0,1,1,4,1,3,24,1828.47
10,129.0,38,2,40.0,278,0,7,2515,8,37823,1,1,0,0,2,2,33,3175.16
10,156.0,34,2,24.0,814,1,1,741,8,45822,0,1,1,6,0,1,30,2989.21
0,0.0,0,3,33.0,458,0,4,2889,7,41183,0,1,1,0,2,0,18,1606.7
8,168.5,46,5,136.0,771,0,8,3317,2,11188,1,1,1,0,3,3,32,4179.02
3,24.5,6,2,40.0,581,1,2,967,9,40866,1,0,0,0,2,3,22,2969.13
1,4.0,2,0,0.0,0,0,12,6505,9,48350,0,1,0,0,5,1,29,2208.73
6,109.0,20,1,64.0,210,0,2,1166,1,2507,1,0,1,5,2,3,22,1828.48
5,80.0,22,3,56.0,1308,1,1,891,2,8077,0,1,0,0,4,2,18,2459.95
5,148.0,38,5,54.0,1569,0,13,6155,5,18016,1,1,0,0,1,3,34,4510.72
7,112.0,34,5,103.0,1118,1,10,4371,5,24140,0,0,0,0,5,2,34,4892.41
7,201.0,40,2,48.0,529,0,0,0,2,7559,1,1,1,2,4,3,23,2323.77
3,26.0,10,1,64.0,473,1,8,3023,0,0,1,1,0,0,3,3,20,2629.85
0,0.0,0,5,42.0,1535,1,4,1760,7,36850,1,1,0,0,2,1,21,2616.95
0,0.0,0,0,0.0,0,0,16,10230,2,11012,1,1,0,0,0,0,20,2335.76
9,124.5,32,1,32.0,466,0,2,819,1,2977,0,0,1,3,5,1,23,1665.48
5,52.0,12,0,0.0,0,1,15,8687,6,19902,0,1,0,0,0,0,27,3215.66
10,146.0,44,1,1.0,401,0,19,9779,4,21988,0,0,1,4,1,3,43,4996.85
2,68.0,10,1,64.0,306,0,13,5527,10,52933,1,0,1,4,0,0,32,3557.64
0,0.0,0,3,56.0,643,0,6,3942,3,14348,1,1,1,0,3,0,18,1930.74
6,56.0,14,2,64.0,496,1,20,11309,3,14801,0,0,0,0,1,0,32,4288.74
2,64.0,12,5,81.0,1109,0,20,8967,6,24976,1,1,1,0,5,0,41,4361.11
6,82.0,20,5,62.0,1202,0,9,3972,9,50009,0,1,0,0,5,3,38,3256.11
8,132.0,38,5,72.0,1127,1,8,4695,6,23203,0,0,1,6,2,2,38,4240.72
1,8.0,2,4,68.0,646,1,14,6837,4,12855,1,1,0,0,0,2,27,3349.16
4,56.0,14,1,64.0,154,1,13,6062,1,1287,1,1,1,0,5,3,30,3406.02
4,100.0,26,0,0.0,0,0,6,2950,2,8830,1,1,1,0,0,1,16,1687.61
9,170.0,30,5,129.0,1642,0,13,6321,6,37332,1,0,0,0,1,2,37,4440.14
0,0.0,0,0,0.0,0,1,20,9543,8,47992,0,0,1,0,2,1,32,3664.87
4,99.0,16,2,80.0,393,1,2,1220,9,50613,0,0,1,0,3,1,22,3290.35
6,74.0,18,4,16.0,1071,0,3,1369,3,26364,1,1,1,4,3,1,27,1589.74
5,68.0,22,0,0.0,0,1,8,3792,6,34409,1,1,0,0,1,1,23,2150.39
10,192.0,50,1,2.0,257,1,4,2521,0,0,0,1,0,0,5,3,24,2766.71
7,69.0,26,3,104.0,916,0,9,6590,6,34328,1,1,0,0,3,0,30,3815.56
8,156.0,30,2,66.0,502,1,8,4131,2,13045,0,0,0,0,1,3,24,3271.57
2,18.0,6,5,156.0,1147,0,19,8383,8,48214,0,1,0,0,3,2,40,4026.89
1,4.0,2,5,46.0,1802,0,11,6766,6,29691,1,0,1,0,4,2,31,2891.9
6,50.5,18,1,4.0,114,1,12,4888,7,33194,0,1,0,0,0,2,29,2598.19
6,30.0,14,5,66.0,1463,0,1,987,0,0,0,1,1,1,1,0,16,1498.53
1,8.0,4,1,4.0,104,0,10,5508,3,23714,1,0,0,0,2,0,18,1667.17
8,150.0,40,2,32.0,666,0,4,2023,7,30632,0,0,0,0,1,3,25,2606.44
7,126.0,28,5,121.0,871,1,5,2682,4,17895,1,1,1,0,5,1,30,4120.92
8,256.5,58,2,5.0,467,1,0,0,3,12267,1,0,0,0,4,2,20,2705.04
6,55.0,26,5,81.0,1761,1,7,3044,8,49353,0,1,1,6,2,1,37,4370.09
0,0.0,0,5,29.0,1794,0,11,4291,10,58648,1,0,1,1,2,0,31,3278.1
1,2.0,2,1,16.0,105,1,3,1138,7,32811,0,0,0,0,5,3,20,1049.72
0,0.0,0,4,15.0,863,1,13,7437,9,57101,1,0,1,4,1,1,34,3266.8
10,276.0,80,4,43.0,1034,0,10,2877,0,0,1,1,0,0,4,0,30,3640.92
1,4.0,2,4,112.0,1085,1,9,4981,4,20897,1,1,0,0,2,1,23,4400.55
9,181.0,54,4,128.0,1308,0,14,7681,10,40734,0,1,0,0,4,1,43,6109.63
4,51.0,12,2,40.0,425,0,17,8109,3,26820,0,0,0,0,3,3,32,4061.21
2,3.0,4,3,80.0,945,1,11,4443,9,50760,1,0,0,0,5,3,34,4515.85
6,40.0,14,1,2.0,172,0,17,6308,6,32560,1,0,0,0,0,0,31,3453.65
1,0.5,2,0,0.0,0,1,3,1713,2,11028,1,1,0,0,5,2,15,947.35
6,188.0,46,1,4.0,288,1,1,738,9,35422,1,0,0,0,3,0,21,2860.34
0,0.0,0,2,72.0,654,1,20,9578,10,57413,0,1,0,0,5,2,40,4767.61
10,142.0,34,0,0.0,0,1,7,3969,7,34095,0,0,0,0,3,3,30,2608.39
10,81.0,34,5,55.0,975,0,13,7655,3,9567,1,0,0,0,5,2,39,3774.01
2,64.5,10,3,41.0,1048,1,14,5973,6,43291,1,0,0,0,5,0,31,3554.67
6,96.5,32,3,41.0,391,0,13,5541,1,8075,1,0,0,0,1,1,26,2624.69
5,136.0,26,2,5.0,583,1,16,7410,10,51231,0,1,0,0,2,0,36,3207.12
3,96.0,20,3,76.0,966,1,12,6679,5,30405,1,1,0,0,4,0,29,4576.25
3,66.5,12,1,32.0,200,0,2,795,5,30232,0,1,0,0,1,2,15,1701.59
9,196.0,42,1,4.0,180,0,5,1261,8,29601,0,1,0,0,1,2,27,2863.63
9,95.0,32,5,116.0,812,1,13,8813,8,61692,0,1,0,0,1,0,37,6903.54
2,33.0,10,0,0.0,0,1,13,6025,5,33109,1,1,1,1,1,1,26,2328.66
0,0.0,0,2,24.0,568,0,19,9517,10,63037,1,1,1,6,1,1,42,3812.79
9,152.5,32,2,96.0,433,0,5,2882,4,17899,1,1,0,0,5,1,28,3309.91
2,18.0,10,5,48.0,1048,1,17,7961,4,25991,1,0,1,6,4,2,42,4210.31
5,128.0,22,5,46.0,1381,1,4,1098,4,14754,0,0,0,0,0,1,19,2656.65
3,80.0,16,1,4.0,268,1,3,1376,10,33299,1,0,1,1,1,3,24,2184.63
5,46.0,16,4,14.0,1075,1,3,1056,3,16967,1,0,0,0,1,0,17,1563.99
9,82.0,28,1,4.0,455,1,2,651,6,41293,0,0,1,6,1,3,29,2216.97
9,225.0,44,4,42.0,1110,0,9,4180,2,6846,0,0,1,2,3,3,33,3544.81
3,73.0,12,0,0.0,0,0,13,5929,6,18632,1,1,0,0,2,3,29,2244.05
1,16.0,4,3,52.0,656,0,1,695,4,33839,0,0,0,0,2,2,13,1661.74
7,87.0,26,5,58.0,975,0,2,846,0,0,0,0,1,0,1,0,16,1576.36
3,104.0,18,0,0.0,0,0,4,2251,1,7961,1,0,0,0,4,1,14,1537.16
2,16.0,4,0,0.0,0,1,15,6309,2,6589,1,0,0,0,3,1,24,2306.66
4,120.0,28,3,56.0,577,1,1,110,6,47830,0,0,0,0,3,3,20,3551.76
10,201.0,48,1,32.0,439,0,11,5929,2,11488,1,1,0,0,0,3,29,3950.27
4,56.0,12,5,68.0,1307,1,20,12383,6,23121,0,0,1,3,3,3,45,6041.07
10,123.0,42,5,23.0,1337,1,7,3191,7,42492,0,0,1,2,0,3,35,3874.99
7,124.5,30,0,0.0,0,0,19,10736,3,21746,1,0,1,3,0,3,37,3501.1
7,117.0,36,1,16.0,420,1,15,7886,1,6554,0,0,1,0,1,0,26,3105.56
5,141.0,22,0,0.0,0,1,11,5840,0,0,1,0,1,0,5,1,24,1813.13
3,8.0,6,0,0.0,0,1,13,6508,7,40411,1,0,1,5,2,2,34,2519.19
6,144.5,34,4,35.0,689,1,9,5293,10,43210,1,0,0,0,5,2,37,4355.73
0,0.0,0,0,0.0,0,1,16,8065,2,10976,1,1,1,1,1,0,23,1737.44
0,0.0,0,4,144.0,1132,1,0,0,6,19988,1,1,0,0,3,3,18,4161.91
3,21.0,12,1,1.0,75,0,20,8946,0,0,1,1,1,0,4,2,33,2960.83
10,249.5,66,0,0.0,0,1,8,2592,1,2478,1,0,1,1,3,1,26,2764.97
9,113.5,28,0,0.0,0,1,13,6416,0,0,0,0,0,0,2,0,24,2287.9
7,87.0,24,5,115.0,1131,1,0,0,1,2737,0,1,1,4,0,2,21,3166.27
9,128.5,32,4,120.0,785,0,17,6451,7,46261,0,0,1,5,1,0,44,4748.19
4,112.5,20,1,32.0,429,1,4,1133,6,27076,0,1,1,4,2,2,25,2240.51
10,149.0,50,2,16.0,274,1,3,774,8,40121,1,1,1,5,5,3,39,3274.95
6,102.5,26,1,16.0,468,1,0,0,6,19914,0,1,1,2,2,3,22,1743.83
4,81.0,22,0,0.0,0,1,7,2882,1,353,1,0,0,0,2,0,15,1118.29
4,58.0,16,4,68.0,1076,0,2,556,6,29197,0,0,1,3,5,2,27,1978.86
0,0.0,0,4,85.0,522,1,19,8499,3,11712,0,0,1,0,4,2,33,2891.06
6,152.5,32,4,116.0,1421,0,16,8446,7,31245,1,0,0,0,3,1,38,3962.03
4,29.0,16,5,34.0,1152,1,6,3220,1,347,1,1,0,0,2,3,23,2170.47
6,76.5,16,2,40.0,691,1,14,6251,9,49197,0,0,1,4,2,0,38,3865.76
0,0.0,0,3,42.0,936,1,20,10419,6,16047,0,1,1,0,1,1,33,4164.49
3,44.0,10,5,115.0,1969,1,10,3626,8,50926,0,0,0,0,4,3,33,5111.17
1,8.0,4,4,84.0,826,1,11,5955,6,27367,0,0,1,3,3,0,29,3899.06
3,32.0,10,2,32.0,247,1,17,7317,5,27703,1,1,1,2,2,1,35,3481.96
4,136.0,20,2,5.0,351,1,1,429,8,40002,0,1,0,0,5,0,21,1939.02
7,90.0,24,5,88.0,1136,0,0,0,0,0,1,1,1,5,1,0,21,2229.77
7,177.5,44,0,0.0,0,1,6,2233,9,37032,1,1,1,4,4,1,34,3068.67
10,216.5,54,0,0.0,0,0,15,7077,10,42536,0,1,1,1,4,1,43,4232.72
10,166.5,40,2,36.0,186,0,11,4845,9,37354,1,0,1,3,0,0,37,4321.6
4,29.0,16,2,65.0,232,1,16,8264,10,35843,1,1,1,5,2,2,44,4877.62
2,68.0,10,0,0.0,0,1,13,7600,1,1812,1,0,1,3,5,0,26,1833.18
4,45.0,16,3,24.0,716,1,18,8966,7,38597,1,0,1,4,0,3,41,4409.23
2,36.0,10,2,24.0,436,0,15,6933,3,9920,0,0,1,2,4,2,31,3070.79
2,8.5,4,1,64.0,190,1,18,9479,0,0,0,0,1,2,5,0,29,3534.84
1,64.0,8,0,0.0,0,1,12,5714,6,29166,1,1,1,3,2,3,30,2912.35
6,144.0,40,0,0.0,0,0,0,0,7,41688,0,1,0,0,0,3,17,2259.89
8,132.5,38,0,0.0,0,0,11,5438,1,748,0,0,1,2,5,2,30,3215.16
9,153.0,36,3,49.0,412,0,12,5677,7,29486,1,1,1,6,4,1,45,3989.73
5,116.0,26,3,20.0,818,0,5,3576,3,16355,0,0,1,1,2,0,20,2224.49
9,155.5,36,0,0.0,0,0,4,2705,10,54147,1,0,0,0,2,0,26,3349.5
1,8.0,4,1,16.0,273,1,13,5793,8,22462,1,1,1,1,3,0,30,1966.98
6,145.0,36,3,24.0,989,1,3,1621,0,0,0,0,0,0,1,2,15,2055.86
3,40.0,12,0,0.0,0,0,8,5269,8,44825,0,1,1,1,5,1,28,2675.47
5,58.5,20,1,8.0,458,0,8,4549,1,4166,1,1,1,4,5,0,27,1484.82
7,194.0,40,0,0.0,0,0,5,1916,0,0,1,1,0,0,5,3,22,2009.37
10,228.0,48,0,0.0,0,0,7,2920,4,19151,0,1,1,6,5,3,37,2946.05
3,64.0,20,3,128.0,548,0,9,2898,3,9166,0,1,1,4,2,3,29,3254.39
2,24.0,6,1,4.0,409,0,7,3946,0,0,1,0,0,0,0,2,13,1307.17
7,147.0,32,1,32.0,131,1,12,7325,3,21212,0,1,1,0,3,1,29,4288.93
7,82.0,16,2,18.0,234,0,10,5227,2,8591,1,0,1,3,2,1,29,2151.08
9,276.0,52,2,33.0,117,1,11,5287,3,17221,0,1,0,0,2,3,31,4581.23
2,32.5,10,0,0.0,0,0,4,2426,3,9067,1,1,1,2,4,0,18,924.7
7,256.0,50,4,57.0,1055,0,10,3928,2,17288,1,0,1,2,3,1,31,3779.29
4,113.0,26,3,128.0,764,1,11,4679,1,6513,0,0,0,0,3,2,24,4720.99
6,88.0,26,1,2.0,123,1,3,1701,4,13993,0,0,1,1,0,0,16,1480.02
8,154.5,48,1,4.0,476,1,20,10913,1,5023,1,0,0,0,3,3,37,3954.43
2,20.0,6,5,77.0,1323,0,11,6747,1,8478,0,0,0,0,3,2,24,3035.2
10,178.5,38,0,0.0,0,0,11,5561,5,26424,0,1,0,0,3,2,32,2510.77
7,198.0,32,4,78.0,1503,0,12,5974,6,29051,1,0,1,3,2,0,36,4232.11
7,77.5,28,4,51.0,867,0,10,6245,4,13525,0,0,1,0,0,3,29,2785.91
1,1.0,2,4,48.0,1135,0,4,1417,0,0,1,1,1,3,0,0,15,1518.43
2,64.0,12,4,28.0,1164,0,17,8173,6,32247,1,0,1,6,4,3,44,3368.61
8,141.0,34,4,76.0,1044,0,19,11308,7,35123,1,0,1,0,4,0,44,4689.11
0,0.0,0,5,30.0,1333,1,8,3947,7,31712,0,0,1,0,2,1,24,2097.18
0,0.0,0,2,40.0,579,1,4,1949,5,32877,0,0,1,2,3,3,20,2078.81
9,145.0,36,0,0.0,0,1,11,3238,0,0,0,1,1,1,2,1,26,2072.42
6,96.0,26,5,138.0,1251,1,8,4040,7,38604,1,1,1,6,3,1,39,5266.4
2,33.0,10,2,72.0,752,1,13,7238,7,31966,1,0,0,0,1,1,27,3929.58
8,118.0,36,1,4.0,429,0,4,1415,1,2040,1,0,0,0,1,0,16,2231.33
9,222.5,60,1,32.0,471,1,19,10659,4,20778,1,0,1,1,0,0,36,5335.27
2,16.0,6,2,80.0,506,1,15,7496,8,29337,0,0,0,0,0,0,27,3613.07
7,117.5,30,0,0.0,0,1,17,10190,7,22557,1,1,0,0,4,1,38,3522.89
6,144.5,42,3,129.0,752,0,15,7699,1,5106,0,0,0,0,1,2,28,4687.14
3,42.0,8,5,107.0,1346,1,4,2221,6,42364,0,1,0,0,1,0,20,3966.85
8,78.0,24,3,112.0,294,1,20,8604,1,6521,0,1,1,0,3,3,40,4729.85
9,101.5,36,3,14.0,418,0,13,6429,8,41592,0,1,0,0,2,0,36,3832.13
2,16.0,6,5,121.0,954,0,11,5781,3,13251,1,0,1,2,0,0,25,2854.44
10,144.0,42,5,69.0,1349,0,11,6432,8,37297,0,1,1,4,5,3,48,4671.32
1,4.0,2,5,73.0,1572,0,12,5967,3,6454,0,1,0,0,1,3,26,3565.4
7,118.0,24,1,32.0,339,0,11,6061,8,50026,0,1,0,0,3,3,34,4299.65
4,112.5,34,2,48.0,767,1,14,8121,3,16528,0,0,0,0,1,2,26,4003.11
5,144.5,24,3,104.0,766,1,6,3573,1,7766,1,0,0,0,3,1,20,4724.16
10,160.0,40,3,26.0,710,1,5,2729,8,46297,0,0,0,0,5,0,31,3880.14
3,64.0,20,2,12.0,531,1,0,0,8,31628,0,0,0,0,2,3,18,1796.02
3,44.0,12,5,66.0,1721,0,9,4656,0,0,0,0,1,5,4,0,27,2539.41
5,73.0,26,4,34.0,696,0,13,5676,10,45301,0,0,0,0,4,0,36,2802.42
0,0.0,0,0,0.0,0,0,19,7733,1,9455,1,0,0,0,4,0,25,2159.84
8,139.0,36,5,54.0,1286,1,13,6651,2,11118,0,1,0,0,2,0,31,4121.26
3,69.0,20,0,0.0,0,0,8,4390,8,42839,0,0,1,0,3,0,23,2368.44
2,48.0,10,2,10.0,215,0,9,4336,6,30503,0,0,0,0,4,1,24,2077.18
8,109.0,34,5,25.0,1497,0,19,8616,3,8438,1,1,0,0,3,3,43,3882.95
9,172.5,38,4,58.0,1312,0,18,9855,0,0,0,0,0,0,0,1,32,4744.11
4,32.0,10,1,4.0,75,1,7,3350,4,25567,0,0,0,0,3,3,22,2259.33
10,304.0,68,2,20.0,695,0,20,10137,0,0,0,1,0,0,5,3,41,4332.58
6,144.0,32,2,33.0,525,0,4,1858,8,32898,1,1,1,4,0,3,30,2610.88
4,54.0,16,2,24.0,534,1,5,2220,1,5105,0,1,0,0,4,3,20,1635.24
8,200.5,46,4,72.0,1075,0,8,3816,7,44541,1,1,0,0,5,2,36,4626.25
2,16.0,4,5,80.0,763,1,17,8263,4,16725,0,0,0,0,3,3,34,4134.62
6,132.0,36,1,2.0,322,1,4,1257,2,14356,0,1,0,0,1,2,17,1910.94
2,6.0,4,4,108.0,707,0,3,1634,9,44405,1,1,1,5,5,3,34,3315.04
7,141.5,28,0,0.0,0,0,16,9072,0,0,0,0,1,3,3,1,31,3094.46
2,40.0,10,1,8.0,466,0,10,4861,3,11511,0,1,1,5,0,2,25,1861.0
9,186.5,56,3,5.0,744,1,0,0,5,34683,0,1,1,1,0,2,22,2898.8
5,46.0,16,1,32.0,486,1,9,5106,7,24769,0,0,0,0,3,3,28,2984.19
8,201.0,46,1,32.0,403,1,12,7151,2,13455,0,1,1,6,3,3,37,5452.53
9,108.0,26,4,56.0,900,0,5,2813,2,8712,1,1,0,0,0,3,25,2124.85
9,163.0,44,0,0.0,0,1,4,1692,6,28599,1,0,1,0,4,3,28,2431.67
9,182.0,52,5,103.0,1673,1,10,6470,0,0,1,0,1,6,1,0,33,5740.22
9,162.5,42,4,80.0,968,0,12,6278,10,55255,1,1,1,3,5,1,47,5377.72
2,5.0,4,5,84.0,1283,1,10,6404,8,45186,1,0,1,3,4,3,37,3464.28
4,41.5,14,5,148.0,926,1,5,2271,3,9898,0,0,0,0,3,2,22,4526.8
5,114.0,38,3,11.0,869,0,6,3605,6,18736,1,1,1,2,4,3,32,3073.1
6,25.5,12,2,8.0,296,1,16,7850,6,25529,0,1,1,5,2,2,41,3499.23
3,80.0,14,3,112.0,854,0,2,937,8,46898,1,1,0,0,1,0,19,3205.43
2,40.0,10,4,34.0,374,0,0,0,0,0,0,0,0,0,0,2,8,878.41
4,72.0,16,3,21.0,1020,1,20,9376,4,26533,1,1,0,0,2,1,36,3692.91
6,204.0,48,3,67.0,871,0,17,8904,4,21972,0,1,0,0,0,0,31,4630.94
5,88.0,24,1,1.0,489,0,7,3460,4,16196,1,0,0,0,4,2,24,2005.06
7,53.0,18,5,59.0,1314,0,3,1547,10,46957,1,0,0,0,5,2,33,2840.19
0,0.0,0,3,44.0,1139,0,4,2172,9,43276,0,1,1,3,2,3,26,1936.74
6,200.0,52,4,90.0,887,0,10,4634,2,12753,1,1,0,0,4,3,31,4435.92
4,120.0,26,2,12.0,458,1,0,0,3,10668,0,0,1,6,3,3,22,1644.59
7,192.5,44,4,42.0,489,0,19,10984,6,36310,0,0,1,1,0,0,38,5346.65
2,80.0,20,0,0.0,0,1,0,0,7,38923,1,1,1,1,1,1,15,1824.8
2,24.0,10,5,166.0,1328,1,6,3472,0,0,0,0,0,0,4,2,19,4545.18
2,24.0,8,3,48.0,717,1,7,4304,7,33441,1,1,0,0,1,3,25,2900.76
8,64.5,24,0,0.0,0,0,10,6775,3,14970,1,0,1,1,5,3,32,2428.49
4,28.5,12,2,34.0,179,0,13,7024,6,26430,0,1,1,0,5,1,33,2278.53
1,1.0,2,5,136.0,1551,0,18,8734,2,9701,1,1,1,5,4,1,39,3138.32
9,157.5,48,4,73.0,773,1,15,6952,10,34872,0,1,1,6,3,0,49,5205.11
0,0.0,0,5,69.0,791,1,20,9886,1,4341,1,0,1,1,4,0,33,3769.19
9,174.5,48,1,8.0,40,1,4,1494,7,26597,1,1,0,0,2,3,28,2758.14
0,0.0,0,4,99.0,858,1,17,8976,0,0,1,1,1,6,3,0,33,5155.04
3,84.0,22,5,58.0,1044,0,17,9068,7,32504,1,1,0,0,1,3,38,4945.86
10,290.5,64,0,0.0,0,1,19,8535,4,22463,1,0,1,2,5,2,44,4528.5
1,32.0,8,2,48.0,903,0,14,5988,7,40362,0,0,1,0,0,0,25,3589.99
6,77.0,24,3,28.0,632,0,9,5652,3,15001,1,1,0,0,3,2,28,2266.1
0,0.0,0,1,8.0,376,1,6,2854,9,34080,0,1,1,0,1,3,22,1877.32
5,124.0,32,0,0.0,0,0,6,3445,6,20919,1,0,1,4,3,1,27,2101.59
8,148.0,32,5,120.0,1329,0,17,9317,5,29980,1,0,1,6,5,2,50,4557.86
1,1.0,2,2,3.0,648,1,15,6514,4,18842,1,1,0,0,2,3,29,2425.12
10,136.5,42,3,26.0,762,0,6,3453,10,55182,0,0,0,0,5,2,36,3777.88
10,264.0,68,5,54.0,1717,1,20,9238,3,17922,0,1,1,0,0,2,42,6629.54
1,64.0,8,5,64.0,1171,1,5,2869,8,31094,0,1,1,2,3,3,29,3655.58
10,186.0,42,4,112.0,1176,1,15,8282,8,25044,1,0,1,0,3,3,45,5644.27
7,84.0,30,1,16.0,315,0,12,6457,2,3042,0,0,1,3,2,1,29,2222.23
8,180.0,42,5,72.0,1260,0,8,4445,4,14785,1,0,1,0,5,3,35,3941.74
5,160.5,22,2,6.0,414,0,14,8651,5,32474,1,1,1,6,2,2,39,3481.3
8,145.0,42,2,17.0,632,1,0,0,5,19043,1,0,0,0,2,2,20,2414.33
4,48.0,14,2,32.0,451,0,2,880,9,45020,1,1,0,0,2,2,23,1902.57
4,72.0,24,0,0.0,0,1,18,9183,9,47783,0,0,0,0,3,0,34,3457.5
4,88.5,26,2,18.0,702,1,4,1898,0,0,0,0,0,0,4,0,14,1472.54
10,228.0,54,0,0.0,0,0,4,1897,4,23483,1,0,1,0,4,3,27,3111.62
1,1.0,2,3,49.0,890,1,8,3653,9,43616,0,1,0,0,4,1,27,2712.56
9,174.5,52,3,130.0,597,0,19,7962,10,51771,0,1,0,0,1,3,46,5873.52
4,72.0,16,4,89.0,1069,1,12,6363,1,5272,1,0,0,0,5,0,27,4294.69
8,180.5,44,3,28.0,1416,1,9,4389,10,45792,0,1,1,0,1,0,33,4613.49
0,0.0,0,0,0.0,0,0,4,1804,4,15749,1,0,1,4,3,0,17,1118.02
9,143.0,42,2,5.0,237,0,2,511,9,51618,1,1,0,0,3,3,30,2681.51
3,100.0,18,4,101.0,937,1,3,889,6,22637,0,0,1,4,2,3,26,3468.8
3,80.5,14,2,40.0,335,1,18,7793,9,43217,1,1,1,3,1,3,42,4805.64
5,96.5,22,0,0.0,0,1,20,8799,4,25590,0,1,1,5,3,0,39,2905.22
0,0.0,0,0,0.0,0,0,4,2424,8,28284,1,0,0,0,2,0,15,1158.47
9,80.0,28,2,72.0,476,0,6,1983,2,5399,1,0,1,2,3,0,26,2706.26
3,16.5,8,0,0.0,0,1,14,7036,7,38711,0,1,0,0,2,1,28,1979.07
2,32.0,4,2,48.0,478,1,2,1504,5,26570,1,1,1,0,3,1,18,2157.57
6,131.0,40,1,32.0,308,0,0,0,10,43339,0,0,1,3,1,2,24,2343.46
6,93.0,28,2,8.0,799,0,10,5291,5,31156,0,0,1,6,4,2,36,2881.44
5,120.5,32,3,112.0,968,0,20,10086,0,0,0,0,1,1,3,2,35,5305.72
1,32.0,8,3,80.0,1086,0,14,6133,2,9741,1,0,1,5,1,1,29,3464.98
10,216.5,52,5,152.0,1118,1,2,1404,0,0,1,1,0,0,1,1,21,5132.35
10,163.0,44,4,136.0,1168,1,17,8912,4,26702,0,1,1,3,1,1,42,6437.15
5,132.0,30,1,8.0,298,0,16,8351,0,0,0,1,0,0,5,0,28,2816.51
5,108.0,18,5,93.0,1167,0,6,2464,4,15016,0,0,0,0,0,1,21,2243.07
2,33.0,10,2,40.0,196,0,0,0,1,9498,1,0,0,0,2,0,8,1099.42
4,136.5,20,4,37.0,1016,1,10,4867,8,45210,1,1,0,0,2,0,30,3638.03
7,148.5,42,1,4.0,328,1,4,1975,4,18810,1,1,1,2,3,1,25,2970.45
5,42.5,18,3,88.0,760,1,14,8235,7,32918,1,1,1,3,1,2,38,4643.65
8,98.0,28,3,35.0,543,0,2,777,3,6321,0,0,0,0,4,3,23,2025.24
9,116.0,34,2,20.0,613,1,16,9034,0,0,0,0,1,4,1,2,35,3176.47
10,189.0,42,0,0.0,0,0,14,7452,6,27482,1,1,1,2,3,2,40,4015.86
3,25.0,10,0,0.0,0,1,15,8107,8,45851,0,0,0,0,2,2,30,2683.04
7,164.0,32,2,12.0,899,0,14,6843,2,6970,1,1,0,0,4,1,32,2527.5
8,162.0,36,1,4.0,29,1,8,4799,2,12020,0,1,1,0,2,2,25,2155.31
5,120.0,32,0,0.0,0,1,17,10278,10,51072,0,0,0,0,5,1,38,3417.79
8,168.0,48,5,40.0,1580,1,4,1790,2,13296,1,0,0,0,5,2,27,3557.86
0,0.0,0,3,41.0,697,0,20,12083,4,21184,1,1,1,0,3,1,34,3746.53
0,0.0,0,2,12.0,443,1,9,3797,5,26828,0,0,0,0,2,3,21,1812.02
8,156.5,36,4,17.0,1126,0,18,8563,4,13609,0,0,0,0,5,2,41,4046.05
3,25.0,8,3,65.0,1041,0,11,5452,8,34339,0,0,1,3,3,0,32,2874.7
4,120.0,32,5,137.0,1312,0,2,564,9,48710,0,0,0,0,0,0,20,3816.97
4,192.5,42,1,1.0,94,0,18,10739,4,18800,1,1,0,0,0,3,32,4808.98
7,77.0,22,0,0.0,0,1,9,5219,4,16356,1,1,0,0,2,0,24,2363.18
8,105.0,34,5,96.0,1116,0,10,6288,0,0,1,0,1,6,2,2,35,3434.04
8,161.0,40,0,0.0,0,1,10,5822,10,47353,0,0,1,4,2,1,36,3042.53
1,0.5,2,2,72.0,552,1,9,2999,5,24950,0,1,1,4,5,2,30,2605.34
10,148.0,44,5,121.0,1387,1,11,6520,7,26980,1,0,1,0,0,2,37,6509.37
1,4.0,2,0,0.0,0,1,12,4522,7,31256,1,0,0,0,1,2,24,1498.38
0,0.0,0,5,65.0,1137,0,10,3562,0,0,0,1,1,6,1,0,24,2018.64
3,25.0,10,1,16.0,378,1,13,6857,3,11139,1,1,0,0,4,0,26,2060.68
2,18.0,6,1,4.0,179,1,15,8114,8,47026,1,0,1,6,4,3,41,3125.15
6,18.5,14,3,48.0,685,1,3,2789,6,37893,1,0,0,0,4,2,25,3132.71
6,106.0,24,2,72.0,691,1,12,6710,8,57025,0,0,0,0,5,2,35,5704.47
7,180.5,48,5,169.0,1167,1,13,6065,3,16375,1,1,0,0,2,1,33,6713.48
2,72.0,10,2,16.0,512,1,3,749,3,17309,1,0,0,0,2,0,13,1652.06
6,132.0,32,5,78.0,1682,0,1,375,5,28062,1,0,0,0,3,2,23,3008.77
1,32.0,4,2,18.0,251,1,17,10005,6,36535,1,0,0,0,0,2,29,3139.86
0,0.0,0,1,32.0,411,0,1,424,1,8074,0,0,0,0,1,0,4,863.1
1,32.0,4,5,101.0,1157,0,7,4392,9,36106,0,0,0,0,2,0,24,2810.97
1,16.0,4,2,9.0,383,0,8,4613,2,11349,0,1,0,0,5,0,19,1753.9
1,32.0,8,2,48.0,537,1,10,6371,6,33457,1,0,0,0,5,3,28,3436.13
3,40.0,10,5,97.0,1193,0,5,3337,8,44415,0,0,0,0,1,3,25,2780.09
4,53.0,10,0,0.0,0,0,3,1756,10,42935,0,1,0,0,4,2,24,2204.25
3,72.0,14,1,8.0,386,1,15,10279,6,25061,0,0,0,0,2,2,29,2765.92
10,119.5,42,3,80.0,877,0,7,2357,6,32419,0,0,0,0,2,1,29,3537.26
10,127.0,42,1,32.0,414,1,4,1292,4,15196,1,0,0,0,4,3,27,2698.88
10,251.0,48,4,136.0,1680,0,12,7269,5,27388,1,0,1,1,3,0,37,5203.3
3,104.0,14,0,0.0,0,1,7,4308,0,0,1,1,1,3,0,1,17,1303.44
7,119.0,26,5,76.0,1215,1,11,6014,10,54094,1,0,0,0,1,0,35,4404.37
7,140.0,36,4,108.0,668,0,16,9130,1,4651,0,1,1,4,1,3,38,4498.08
0,0.0,0,3,42.0,683,0,1,22,10,54284,0,0,1,3,1,1,20,1437.52
5,68.0,24,0,0.0,0,0,2,268,4,16045,1,1,1,5,5,0,24,1258.63
5,129.0,38,5,64.0,888,1,18,11198,2,10341,0,0,1,5,1,1,38,4253.59
8,197.0,52,0,0.0,0,1,0,0,3,6228,0,1,1,3,5,2,23,2032.73
2,20.0,6,1,16.0,191,1,11,5961,0,0,1,0,0,0,4,2,21,1978.62
8,103.5,28,4,82.0,1147,1,1,555,0,0,1,0,0,0,5,3,22,2892.4
6,184.5,36,1,4.0,288,1,12,5311,8,37745,0,0,1,4,2,1,35,3095.3
2,10.0,6,1,8.0,138,1,20,11342,1,5870,0,1,1,2,1,1,30,2158.52
4,36.0,8,1,1.0,256,0,11,5572,7,47320,1,1,1,0,3,2,31,2989.12
5,100.5,28,2,2.0,791,1,17,8130,1,649,1,0,1,0,3,1,31,3094.19
8,129.5,32,3,72.0,1194,1,16,10641,10,45585,0,0,0,0,4,2,43,5495.71
9,137.0,40,1,1.0,299,0,0,0,9,50045,1,0,1,1,2,3,27,2400.97
4,90.0,28,0,0.0,0,1,10,3567,3,20355,0,1,1,0,3,3,25,2462.76
6,46.0,18,4,12.0,998,0,7,3932,1,7954,1,1,0,0,2,1,23,1296.19
0,0.0,0,0,0.0,0,1,9,5678,0,0,1,1,1,3,4,0,19,2149.9
1,64.0,8,0,0.0,0,0,18,10495,5,23293,0,1,0,0,0,2,27,3058.26
1,4.0,2,3,25.0,692,0,16,6494,8,30886,0,0,0,0,4,1,33,2333.87
10,134.5,38,3,22.0,1353,0,7,3164,9,53035,1,1,0,0,3,1,35,3547.92
9,171.0,36,0,0.0,0,1,0,0,7,19615,0,1,1,2,5,2,27,1836.61
0,0.0,0,3,25.0,1058,0,6,4176,6,42563,1,1,1,5,4,0,27,2820.37
5,116.5,28,4,46.0,625,0,9,3746,9,34557,0,0,0,0,5,0,32,2988.05
9,172.0,52,5,128.0,817,0,17,10763,0,0,0,0,0,0,1,1,33,5229.1
9,164.5,44,1,2.0,463,0,2,416,5,25728,0,0,1,2,3,2,25,2383.98
10,320.0,64,4,34.0,820,1,14,7781,3,22094,0,1,1,2,4,3,42,5317.04
9,204.5,44,3,76.0,926,1,4,2050,7,30955,0,1,0,0,5,1,30,4120.68
10,173.5,52,4,98.0,860,0,3,754,8,42111,0,0,0,0,0,1,26,4011.93
1,4.0,2,3,80.0,1008,0,18,8903,0,0,0,1,0,0,5,0,28,3059.74
8,244.5,54,1,16.0,480,0,11,6075,8,35627,1,1,0,0,0,1,31,4378.39
