{
  "Linear Regression": {
    "mse": 76163.36172164652,
    "mae": 215.02251076149514,
    "rmse": 275.9771036184823,
    "r2": 0.9465892789702621,
    "cv_mean": 0.9309085460000027,
    "cv_std": 0.036478170826273526
  },
  "Ridge Regression": {
    "mse": 75363.25229242878,
    "mae": 215.07390472209255,
    "rmse": 274.5236825711559,
    "r2": 0.9471503679315582,
    "cv_mean": 0.9314536283669316,
    "cv_std": 0.03706144025031939
  },
  "Lasso Regression": {
    "mse": 76043.27458266559,
    "mae": 215.05806731514235,
    "rmse": 275.75945057724783,
    "r2": 0.9466734919111616,
    "cv_mean": 0.9309716569234213,
    "cv_std": 0.03670306805177388
  },
  "Decision Tree": {
    "mse": 306.28121749999923,
    "mae": 9.759900000000002,
    "rmse": 17.50089190584295,
    "r2": 0.9997852156168694,
    "cv_mean": 0.9978783210716073,
    "cv_std": 0.0019948553082552284
  },
  "Random Forest": {
    "mse": 96.70846669760053,
    "mae": 5.948356000000128,
    "rmse": 9.834046303409423,
    "r2": 0.9999321817102181,
    "cv_mean": 0.9985708458870814,
    "cv_std": 0.0018309099981004622
  },
  "Gradient Boosting": {
    "mse": 177.93671960341,
    "mae": 10.009676925422447,
    "rmse": 13.33929232018738,
    "r2": 0.9998752191568642,
    "cv_mean": 0.9989869599960957,
    "cv_std": 0.0015865033497249497
  }
}