{
  "Linear Regression": {
    "mse": 68246.08422557928,
    "mae": 185.4566158976896,
    "rmse": 261.2395150538664,
    "r2": 0.9539873711186164,
    "cv_mean": 0.9555884225529325,
    "cv_std": 0.0018967215071716938
  },
  "Ridge Regression": {
    "mse": 68232.47691650495,
    "mae": 185.4156603204138,
    "rmse": 261.2134700135216,
    "r2": 0.9539965453894865,
    "cv_mean": 0.9555923313876784,
    "cv_std": 0.0018707201525922845
  },
  "Lasso Regression": {
    "mse": 68224.6750615831,
    "mae": 185.4041213341062,
    "rmse": 261.19853571868106,
    "r2": 0.9540018055279864,
    "cv_mean": 0.9555912610031925,
    "cv_std": 0.0018713978144858964
  },
  "Decision Tree": {
    "mse": 30.349788329783536,
    "mae": 1.6487738395203633,
    "rmse": 5.509064197282832,
    "r2": 0.9999795376751224,
    "cv_mean": 0.9999903534970336,
    "cv_std": 3.3057715854709396e-06
  },
  "Random Forest": {
    "mse": 68.91122996655845,
    "mae": 0.5321748750000627,
    "rmse": 8.301278815131946,
    "r2": 0.999953538918955,
    "cv_mean": 0.9999878794399597,
    "cv_std": 1.6936212065047995e-05
  },
  "Gradient Boosting": {
    "mse": 159.76928321287554,
    "mae": 9.056701563584433,
    "rmse": 12.639987468857536,
    "r2": 0.999892280929836,
    "cv_mean": 0.9999024442838687,
    "cv_std": 3.8074288544610633e-06
  }
}